,0
0,station
1,guance_before_hour_120_psur_obs
2,guance_before_hour_120_t2m_obs
3,guance_before_hour_120_q2m_obs
4,guance_before_hour_120_rh2m_obs
5,guance_before_hour_120_w10m_obs
6,guance_before_hour_120_d10m_obs
7,guance_before_hour_120_u10m_obs
8,guance_before_hour_120_v10m_obs
9,guance_before_hour_120_RAIN_obs
10,guance_before_hour_119_psur_obs
11,guance_before_hour_119_t2m_obs
12,guance_before_hour_119_q2m_obs
13,guance_before_hour_119_rh2m_obs
14,guance_before_hour_119_w10m_obs
15,guance_before_hour_119_d10m_obs
16,guance_before_hour_119_u10m_obs
17,guance_before_hour_119_v10m_obs
18,guance_before_hour_119_RAIN_obs
19,guance_before_hour_118_psur_obs
20,guance_before_hour_118_t2m_obs
21,guance_before_hour_118_q2m_obs
22,guance_before_hour_118_rh2m_obs
23,guance_before_hour_118_w10m_obs
24,guance_before_hour_118_d10m_obs
25,guance_before_hour_118_u10m_obs
26,guance_before_hour_118_v10m_obs
27,guance_before_hour_118_RAIN_obs
28,guance_before_hour_117_psur_obs
29,guance_before_hour_117_t2m_obs
30,guance_before_hour_117_q2m_obs
31,guance_before_hour_117_rh2m_obs
32,guance_before_hour_117_w10m_obs
33,guance_before_hour_117_d10m_obs
34,guance_before_hour_117_u10m_obs
35,guance_before_hour_117_v10m_obs
36,guance_before_hour_117_RAIN_obs
37,guance_before_hour_116_psur_obs
38,guance_before_hour_116_t2m_obs
39,guance_before_hour_116_q2m_obs
40,guance_before_hour_116_rh2m_obs
41,guance_before_hour_116_w10m_obs
42,guance_before_hour_116_d10m_obs
43,guance_before_hour_116_u10m_obs
44,guance_before_hour_116_v10m_obs
45,guance_before_hour_116_RAIN_obs
46,guance_before_hour_115_psur_obs
47,guance_before_hour_115_t2m_obs
48,guance_before_hour_115_q2m_obs
49,guance_before_hour_115_rh2m_obs
50,guance_before_hour_115_w10m_obs
51,guance_before_hour_115_d10m_obs
52,guance_before_hour_115_u10m_obs
53,guance_before_hour_115_v10m_obs
54,guance_before_hour_115_RAIN_obs
55,guance_before_hour_114_psur_obs
56,guance_before_hour_114_t2m_obs
57,guance_before_hour_114_q2m_obs
58,guance_before_hour_114_rh2m_obs
59,guance_before_hour_114_w10m_obs
60,guance_before_hour_114_d10m_obs
61,guance_before_hour_114_u10m_obs
62,guance_before_hour_114_v10m_obs
63,guance_before_hour_114_RAIN_obs
64,guance_before_hour_113_psur_obs
65,guance_before_hour_113_t2m_obs
66,guance_before_hour_113_q2m_obs
67,guance_before_hour_113_rh2m_obs
68,guance_before_hour_113_w10m_obs
69,guance_before_hour_113_d10m_obs
70,guance_before_hour_113_u10m_obs
71,guance_before_hour_113_v10m_obs
72,guance_before_hour_113_RAIN_obs
73,guance_before_hour_112_psur_obs
74,guance_before_hour_112_t2m_obs
75,guance_before_hour_112_q2m_obs
76,guance_before_hour_112_rh2m_obs
77,guance_before_hour_112_w10m_obs
78,guance_before_hour_112_d10m_obs
79,guance_before_hour_112_u10m_obs
80,guance_before_hour_112_v10m_obs
81,guance_before_hour_112_RAIN_obs
82,guance_before_hour_111_psur_obs
83,guance_before_hour_111_t2m_obs
84,guance_before_hour_111_q2m_obs
85,guance_before_hour_111_rh2m_obs
86,guance_before_hour_111_w10m_obs
87,guance_before_hour_111_d10m_obs
88,guance_before_hour_111_u10m_obs
89,guance_before_hour_111_v10m_obs
90,guance_before_hour_111_RAIN_obs
91,guance_before_hour_110_psur_obs
92,guance_before_hour_110_t2m_obs
93,guance_before_hour_110_q2m_obs
94,guance_before_hour_110_rh2m_obs
95,guance_before_hour_110_w10m_obs
96,guance_before_hour_110_d10m_obs
97,guance_before_hour_110_u10m_obs
98,guance_before_hour_110_v10m_obs
99,guance_before_hour_110_RAIN_obs
100,guance_before_hour_109_psur_obs
101,guance_before_hour_109_t2m_obs
102,guance_before_hour_109_q2m_obs
103,guance_before_hour_109_rh2m_obs
104,guance_before_hour_109_w10m_obs
105,guance_before_hour_109_d10m_obs
106,guance_before_hour_109_u10m_obs
107,guance_before_hour_109_v10m_obs
108,guance_before_hour_109_RAIN_obs
109,guance_before_hour_108_psur_obs
110,guance_before_hour_108_t2m_obs
111,guance_before_hour_108_q2m_obs
112,guance_before_hour_108_rh2m_obs
113,guance_before_hour_108_w10m_obs
114,guance_before_hour_108_d10m_obs
115,guance_before_hour_108_u10m_obs
116,guance_before_hour_108_v10m_obs
117,guance_before_hour_108_RAIN_obs
118,guance_before_hour_107_psur_obs
119,guance_before_hour_107_t2m_obs
120,guance_before_hour_107_q2m_obs
121,guance_before_hour_107_rh2m_obs
122,guance_before_hour_107_w10m_obs
123,guance_before_hour_107_d10m_obs
124,guance_before_hour_107_u10m_obs
125,guance_before_hour_107_v10m_obs
126,guance_before_hour_107_RAIN_obs
127,guance_before_hour_106_psur_obs
128,guance_before_hour_106_t2m_obs
129,guance_before_hour_106_q2m_obs
130,guance_before_hour_106_rh2m_obs
131,guance_before_hour_106_w10m_obs
132,guance_before_hour_106_d10m_obs
133,guance_before_hour_106_u10m_obs
134,guance_before_hour_106_v10m_obs
135,guance_before_hour_106_RAIN_obs
136,guance_before_hour_105_psur_obs
137,guance_before_hour_105_t2m_obs
138,guance_before_hour_105_q2m_obs
139,guance_before_hour_105_rh2m_obs
140,guance_before_hour_105_w10m_obs
141,guance_before_hour_105_d10m_obs
142,guance_before_hour_105_u10m_obs
143,guance_before_hour_105_v10m_obs
144,guance_before_hour_105_RAIN_obs
145,guance_before_hour_104_psur_obs
146,guance_before_hour_104_t2m_obs
147,guance_before_hour_104_q2m_obs
148,guance_before_hour_104_rh2m_obs
149,guance_before_hour_104_w10m_obs
150,guance_before_hour_104_d10m_obs
151,guance_before_hour_104_u10m_obs
152,guance_before_hour_104_v10m_obs
153,guance_before_hour_104_RAIN_obs
154,guance_before_hour_103_psur_obs
155,guance_before_hour_103_t2m_obs
156,guance_before_hour_103_q2m_obs
157,guance_before_hour_103_rh2m_obs
158,guance_before_hour_103_w10m_obs
159,guance_before_hour_103_d10m_obs
160,guance_before_hour_103_u10m_obs
161,guance_before_hour_103_v10m_obs
162,guance_before_hour_103_RAIN_obs
163,guance_before_hour_102_psur_obs
164,guance_before_hour_102_t2m_obs
165,guance_before_hour_102_q2m_obs
166,guance_before_hour_102_rh2m_obs
167,guance_before_hour_102_w10m_obs
168,guance_before_hour_102_d10m_obs
169,guance_before_hour_102_u10m_obs
170,guance_before_hour_102_v10m_obs
171,guance_before_hour_102_RAIN_obs
172,guance_before_hour_101_psur_obs
173,guance_before_hour_101_t2m_obs
174,guance_before_hour_101_q2m_obs
175,guance_before_hour_101_rh2m_obs
176,guance_before_hour_101_w10m_obs
177,guance_before_hour_101_d10m_obs
178,guance_before_hour_101_u10m_obs
179,guance_before_hour_101_v10m_obs
180,guance_before_hour_101_RAIN_obs
181,guance_before_hour_100_psur_obs
182,guance_before_hour_100_t2m_obs
183,guance_before_hour_100_q2m_obs
184,guance_before_hour_100_rh2m_obs
185,guance_before_hour_100_w10m_obs
186,guance_before_hour_100_d10m_obs
187,guance_before_hour_100_u10m_obs
188,guance_before_hour_100_v10m_obs
189,guance_before_hour_100_RAIN_obs
190,guance_before_hour_99_psur_obs
191,guance_before_hour_99_t2m_obs
192,guance_before_hour_99_q2m_obs
193,guance_before_hour_99_rh2m_obs
194,guance_before_hour_99_w10m_obs
195,guance_before_hour_99_d10m_obs
196,guance_before_hour_99_u10m_obs
197,guance_before_hour_99_v10m_obs
198,guance_before_hour_99_RAIN_obs
199,guance_before_hour_98_psur_obs
200,guance_before_hour_98_t2m_obs
201,guance_before_hour_98_q2m_obs
202,guance_before_hour_98_rh2m_obs
203,guance_before_hour_98_w10m_obs
204,guance_before_hour_98_d10m_obs
205,guance_before_hour_98_u10m_obs
206,guance_before_hour_98_v10m_obs
207,guance_before_hour_98_RAIN_obs
208,guance_before_hour_97_psur_obs
209,guance_before_hour_97_t2m_obs
210,guance_before_hour_97_q2m_obs
211,guance_before_hour_97_rh2m_obs
212,guance_before_hour_97_w10m_obs
213,guance_before_hour_97_d10m_obs
214,guance_before_hour_97_u10m_obs
215,guance_before_hour_97_v10m_obs
216,guance_before_hour_97_RAIN_obs
217,guance_before_hour_96_psur_obs
218,guance_before_hour_96_t2m_obs
219,guance_before_hour_96_q2m_obs
220,guance_before_hour_96_rh2m_obs
221,guance_before_hour_96_w10m_obs
222,guance_before_hour_96_d10m_obs
223,guance_before_hour_96_u10m_obs
224,guance_before_hour_96_v10m_obs
225,guance_before_hour_96_RAIN_obs
226,guance_before_hour_95_psur_obs
227,guance_before_hour_95_t2m_obs
228,guance_before_hour_95_q2m_obs
229,guance_before_hour_95_rh2m_obs
230,guance_before_hour_95_w10m_obs
231,guance_before_hour_95_d10m_obs
232,guance_before_hour_95_u10m_obs
233,guance_before_hour_95_v10m_obs
234,guance_before_hour_95_RAIN_obs
235,guance_before_hour_94_psur_obs
236,guance_before_hour_94_t2m_obs
237,guance_before_hour_94_q2m_obs
238,guance_before_hour_94_rh2m_obs
239,guance_before_hour_94_w10m_obs
240,guance_before_hour_94_d10m_obs
241,guance_before_hour_94_u10m_obs
242,guance_before_hour_94_v10m_obs
243,guance_before_hour_94_RAIN_obs
244,guance_before_hour_93_psur_obs
245,guance_before_hour_93_t2m_obs
246,guance_before_hour_93_q2m_obs
247,guance_before_hour_93_rh2m_obs
248,guance_before_hour_93_w10m_obs
249,guance_before_hour_93_d10m_obs
250,guance_before_hour_93_u10m_obs
251,guance_before_hour_93_v10m_obs
252,guance_before_hour_93_RAIN_obs
253,guance_before_hour_92_psur_obs
254,guance_before_hour_92_t2m_obs
255,guance_before_hour_92_q2m_obs
256,guance_before_hour_92_rh2m_obs
257,guance_before_hour_92_w10m_obs
258,guance_before_hour_92_d10m_obs
259,guance_before_hour_92_u10m_obs
260,guance_before_hour_92_v10m_obs
261,guance_before_hour_92_RAIN_obs
262,guance_before_hour_91_psur_obs
263,guance_before_hour_91_t2m_obs
264,guance_before_hour_91_q2m_obs
265,guance_before_hour_91_rh2m_obs
266,guance_before_hour_91_w10m_obs
267,guance_before_hour_91_d10m_obs
268,guance_before_hour_91_u10m_obs
269,guance_before_hour_91_v10m_obs
270,guance_before_hour_91_RAIN_obs
271,guance_before_hour_90_psur_obs
272,guance_before_hour_90_t2m_obs
273,guance_before_hour_90_q2m_obs
274,guance_before_hour_90_rh2m_obs
275,guance_before_hour_90_w10m_obs
276,guance_before_hour_90_d10m_obs
277,guance_before_hour_90_u10m_obs
278,guance_before_hour_90_v10m_obs
279,guance_before_hour_90_RAIN_obs
280,guance_before_hour_89_psur_obs
281,guance_before_hour_89_t2m_obs
282,guance_before_hour_89_q2m_obs
283,guance_before_hour_89_rh2m_obs
284,guance_before_hour_89_w10m_obs
285,guance_before_hour_89_d10m_obs
286,guance_before_hour_89_u10m_obs
287,guance_before_hour_89_v10m_obs
288,guance_before_hour_89_RAIN_obs
289,guance_before_hour_88_psur_obs
290,guance_before_hour_88_t2m_obs
291,guance_before_hour_88_q2m_obs
292,guance_before_hour_88_rh2m_obs
293,guance_before_hour_88_w10m_obs
294,guance_before_hour_88_d10m_obs
295,guance_before_hour_88_u10m_obs
296,guance_before_hour_88_v10m_obs
297,guance_before_hour_88_RAIN_obs
298,guance_before_hour_87_psur_obs
299,guance_before_hour_87_t2m_obs
300,guance_before_hour_87_q2m_obs
301,guance_before_hour_87_rh2m_obs
302,guance_before_hour_87_w10m_obs
303,guance_before_hour_87_d10m_obs
304,guance_before_hour_87_u10m_obs
305,guance_before_hour_87_v10m_obs
306,guance_before_hour_87_RAIN_obs
307,guance_before_hour_86_psur_obs
308,guance_before_hour_86_t2m_obs
309,guance_before_hour_86_q2m_obs
310,guance_before_hour_86_rh2m_obs
311,guance_before_hour_86_w10m_obs
312,guance_before_hour_86_d10m_obs
313,guance_before_hour_86_u10m_obs
314,guance_before_hour_86_v10m_obs
315,guance_before_hour_86_RAIN_obs
316,guance_before_hour_85_psur_obs
317,guance_before_hour_85_t2m_obs
318,guance_before_hour_85_q2m_obs
319,guance_before_hour_85_rh2m_obs
320,guance_before_hour_85_w10m_obs
321,guance_before_hour_85_d10m_obs
322,guance_before_hour_85_u10m_obs
323,guance_before_hour_85_v10m_obs
324,guance_before_hour_85_RAIN_obs
325,guance_before_hour_84_psur_obs
326,guance_before_hour_84_t2m_obs
327,guance_before_hour_84_q2m_obs
328,guance_before_hour_84_rh2m_obs
329,guance_before_hour_84_w10m_obs
330,guance_before_hour_84_d10m_obs
331,guance_before_hour_84_u10m_obs
332,guance_before_hour_84_v10m_obs
333,guance_before_hour_84_RAIN_obs
334,guance_before_hour_83_psur_obs
335,guance_before_hour_83_t2m_obs
336,guance_before_hour_83_q2m_obs
337,guance_before_hour_83_rh2m_obs
338,guance_before_hour_83_w10m_obs
339,guance_before_hour_83_d10m_obs
340,guance_before_hour_83_u10m_obs
341,guance_before_hour_83_v10m_obs
342,guance_before_hour_83_RAIN_obs
343,guance_before_hour_82_psur_obs
344,guance_before_hour_82_t2m_obs
345,guance_before_hour_82_q2m_obs
346,guance_before_hour_82_rh2m_obs
347,guance_before_hour_82_w10m_obs
348,guance_before_hour_82_d10m_obs
349,guance_before_hour_82_u10m_obs
350,guance_before_hour_82_v10m_obs
351,guance_before_hour_82_RAIN_obs
352,guance_before_hour_81_psur_obs
353,guance_before_hour_81_t2m_obs
354,guance_before_hour_81_q2m_obs
355,guance_before_hour_81_rh2m_obs
356,guance_before_hour_81_w10m_obs
357,guance_before_hour_81_d10m_obs
358,guance_before_hour_81_u10m_obs
359,guance_before_hour_81_v10m_obs
360,guance_before_hour_81_RAIN_obs
361,guance_before_hour_80_psur_obs
362,guance_before_hour_80_t2m_obs
363,guance_before_hour_80_q2m_obs
364,guance_before_hour_80_rh2m_obs
365,guance_before_hour_80_w10m_obs
366,guance_before_hour_80_d10m_obs
367,guance_before_hour_80_u10m_obs
368,guance_before_hour_80_v10m_obs
369,guance_before_hour_80_RAIN_obs
370,guance_before_hour_79_psur_obs
371,guance_before_hour_79_t2m_obs
372,guance_before_hour_79_q2m_obs
373,guance_before_hour_79_rh2m_obs
374,guance_before_hour_79_w10m_obs
375,guance_before_hour_79_d10m_obs
376,guance_before_hour_79_u10m_obs
377,guance_before_hour_79_v10m_obs
378,guance_before_hour_79_RAIN_obs
379,guance_before_hour_78_psur_obs
380,guance_before_hour_78_t2m_obs
381,guance_before_hour_78_q2m_obs
382,guance_before_hour_78_rh2m_obs
383,guance_before_hour_78_w10m_obs
384,guance_before_hour_78_d10m_obs
385,guance_before_hour_78_u10m_obs
386,guance_before_hour_78_v10m_obs
387,guance_before_hour_78_RAIN_obs
388,guance_before_hour_77_psur_obs
389,guance_before_hour_77_t2m_obs
390,guance_before_hour_77_q2m_obs
391,guance_before_hour_77_rh2m_obs
392,guance_before_hour_77_w10m_obs
393,guance_before_hour_77_d10m_obs
394,guance_before_hour_77_u10m_obs
395,guance_before_hour_77_v10m_obs
396,guance_before_hour_77_RAIN_obs
397,guance_before_hour_76_psur_obs
398,guance_before_hour_76_t2m_obs
399,guance_before_hour_76_q2m_obs
400,guance_before_hour_76_rh2m_obs
401,guance_before_hour_76_w10m_obs
402,guance_before_hour_76_d10m_obs
403,guance_before_hour_76_u10m_obs
404,guance_before_hour_76_v10m_obs
405,guance_before_hour_76_RAIN_obs
406,guance_before_hour_75_psur_obs
407,guance_before_hour_75_t2m_obs
408,guance_before_hour_75_q2m_obs
409,guance_before_hour_75_rh2m_obs
410,guance_before_hour_75_w10m_obs
411,guance_before_hour_75_d10m_obs
412,guance_before_hour_75_u10m_obs
413,guance_before_hour_75_v10m_obs
414,guance_before_hour_75_RAIN_obs
415,guance_before_hour_74_psur_obs
416,guance_before_hour_74_t2m_obs
417,guance_before_hour_74_q2m_obs
418,guance_before_hour_74_rh2m_obs
419,guance_before_hour_74_w10m_obs
420,guance_before_hour_74_d10m_obs
421,guance_before_hour_74_u10m_obs
422,guance_before_hour_74_v10m_obs
423,guance_before_hour_74_RAIN_obs
424,guance_before_hour_73_psur_obs
425,guance_before_hour_73_t2m_obs
426,guance_before_hour_73_q2m_obs
427,guance_before_hour_73_rh2m_obs
428,guance_before_hour_73_w10m_obs
429,guance_before_hour_73_d10m_obs
430,guance_before_hour_73_u10m_obs
431,guance_before_hour_73_v10m_obs
432,guance_before_hour_73_RAIN_obs
433,guance_before_hour_72_psur_obs
434,guance_before_hour_72_t2m_obs
435,guance_before_hour_72_q2m_obs
436,guance_before_hour_72_rh2m_obs
437,guance_before_hour_72_w10m_obs
438,guance_before_hour_72_d10m_obs
439,guance_before_hour_72_u10m_obs
440,guance_before_hour_72_v10m_obs
441,guance_before_hour_72_RAIN_obs
442,guance_before_hour_71_psur_obs
443,guance_before_hour_71_t2m_obs
444,guance_before_hour_71_q2m_obs
445,guance_before_hour_71_rh2m_obs
446,guance_before_hour_71_w10m_obs
447,guance_before_hour_71_d10m_obs
448,guance_before_hour_71_u10m_obs
449,guance_before_hour_71_v10m_obs
450,guance_before_hour_71_RAIN_obs
451,guance_before_hour_70_psur_obs
452,guance_before_hour_70_t2m_obs
453,guance_before_hour_70_q2m_obs
454,guance_before_hour_70_rh2m_obs
455,guance_before_hour_70_w10m_obs
456,guance_before_hour_70_d10m_obs
457,guance_before_hour_70_u10m_obs
458,guance_before_hour_70_v10m_obs
459,guance_before_hour_70_RAIN_obs
460,guance_before_hour_69_psur_obs
461,guance_before_hour_69_t2m_obs
462,guance_before_hour_69_q2m_obs
463,guance_before_hour_69_rh2m_obs
464,guance_before_hour_69_w10m_obs
465,guance_before_hour_69_d10m_obs
466,guance_before_hour_69_u10m_obs
467,guance_before_hour_69_v10m_obs
468,guance_before_hour_69_RAIN_obs
469,guance_before_hour_68_psur_obs
470,guance_before_hour_68_t2m_obs
471,guance_before_hour_68_q2m_obs
472,guance_before_hour_68_rh2m_obs
473,guance_before_hour_68_w10m_obs
474,guance_before_hour_68_d10m_obs
475,guance_before_hour_68_u10m_obs
476,guance_before_hour_68_v10m_obs
477,guance_before_hour_68_RAIN_obs
478,guance_before_hour_67_psur_obs
479,guance_before_hour_67_t2m_obs
480,guance_before_hour_67_q2m_obs
481,guance_before_hour_67_rh2m_obs
482,guance_before_hour_67_w10m_obs
483,guance_before_hour_67_d10m_obs
484,guance_before_hour_67_u10m_obs
485,guance_before_hour_67_v10m_obs
486,guance_before_hour_67_RAIN_obs
487,guance_before_hour_66_psur_obs
488,guance_before_hour_66_t2m_obs
489,guance_before_hour_66_q2m_obs
490,guance_before_hour_66_rh2m_obs
491,guance_before_hour_66_w10m_obs
492,guance_before_hour_66_d10m_obs
493,guance_before_hour_66_u10m_obs
494,guance_before_hour_66_v10m_obs
495,guance_before_hour_66_RAIN_obs
496,guance_before_hour_65_psur_obs
497,guance_before_hour_65_t2m_obs
498,guance_before_hour_65_q2m_obs
499,guance_before_hour_65_rh2m_obs
500,guance_before_hour_65_w10m_obs
501,guance_before_hour_65_d10m_obs
502,guance_before_hour_65_u10m_obs
503,guance_before_hour_65_v10m_obs
504,guance_before_hour_65_RAIN_obs
505,guance_before_hour_64_psur_obs
506,guance_before_hour_64_t2m_obs
507,guance_before_hour_64_q2m_obs
508,guance_before_hour_64_rh2m_obs
509,guance_before_hour_64_w10m_obs
510,guance_before_hour_64_d10m_obs
511,guance_before_hour_64_u10m_obs
512,guance_before_hour_64_v10m_obs
513,guance_before_hour_64_RAIN_obs
514,guance_before_hour_63_psur_obs
515,guance_before_hour_63_t2m_obs
516,guance_before_hour_63_q2m_obs
517,guance_before_hour_63_rh2m_obs
518,guance_before_hour_63_w10m_obs
519,guance_before_hour_63_d10m_obs
520,guance_before_hour_63_u10m_obs
521,guance_before_hour_63_v10m_obs
522,guance_before_hour_63_RAIN_obs
523,guance_before_hour_62_psur_obs
524,guance_before_hour_62_t2m_obs
525,guance_before_hour_62_q2m_obs
526,guance_before_hour_62_rh2m_obs
527,guance_before_hour_62_w10m_obs
528,guance_before_hour_62_d10m_obs
529,guance_before_hour_62_u10m_obs
530,guance_before_hour_62_v10m_obs
531,guance_before_hour_62_RAIN_obs
532,guance_before_hour_61_psur_obs
533,guance_before_hour_61_t2m_obs
534,guance_before_hour_61_q2m_obs
535,guance_before_hour_61_rh2m_obs
536,guance_before_hour_61_w10m_obs
537,guance_before_hour_61_d10m_obs
538,guance_before_hour_61_u10m_obs
539,guance_before_hour_61_v10m_obs
540,guance_before_hour_61_RAIN_obs
541,guance_before_hour_60_psur_obs
542,guance_before_hour_60_t2m_obs
543,guance_before_hour_60_q2m_obs
544,guance_before_hour_60_rh2m_obs
545,guance_before_hour_60_w10m_obs
546,guance_before_hour_60_d10m_obs
547,guance_before_hour_60_u10m_obs
548,guance_before_hour_60_v10m_obs
549,guance_before_hour_60_RAIN_obs
550,guance_before_hour_59_psur_obs
551,guance_before_hour_59_t2m_obs
552,guance_before_hour_59_q2m_obs
553,guance_before_hour_59_rh2m_obs
554,guance_before_hour_59_w10m_obs
555,guance_before_hour_59_d10m_obs
556,guance_before_hour_59_u10m_obs
557,guance_before_hour_59_v10m_obs
558,guance_before_hour_59_RAIN_obs
559,guance_before_hour_58_psur_obs
560,guance_before_hour_58_t2m_obs
561,guance_before_hour_58_q2m_obs
562,guance_before_hour_58_rh2m_obs
563,guance_before_hour_58_w10m_obs
564,guance_before_hour_58_d10m_obs
565,guance_before_hour_58_u10m_obs
566,guance_before_hour_58_v10m_obs
567,guance_before_hour_58_RAIN_obs
568,guance_before_hour_57_psur_obs
569,guance_before_hour_57_t2m_obs
570,guance_before_hour_57_q2m_obs
571,guance_before_hour_57_rh2m_obs
572,guance_before_hour_57_w10m_obs
573,guance_before_hour_57_d10m_obs
574,guance_before_hour_57_u10m_obs
575,guance_before_hour_57_v10m_obs
576,guance_before_hour_57_RAIN_obs
577,guance_before_hour_56_psur_obs
578,guance_before_hour_56_t2m_obs
579,guance_before_hour_56_q2m_obs
580,guance_before_hour_56_rh2m_obs
581,guance_before_hour_56_w10m_obs
582,guance_before_hour_56_d10m_obs
583,guance_before_hour_56_u10m_obs
584,guance_before_hour_56_v10m_obs
585,guance_before_hour_56_RAIN_obs
586,guance_before_hour_55_psur_obs
587,guance_before_hour_55_t2m_obs
588,guance_before_hour_55_q2m_obs
589,guance_before_hour_55_rh2m_obs
590,guance_before_hour_55_w10m_obs
591,guance_before_hour_55_d10m_obs
592,guance_before_hour_55_u10m_obs
593,guance_before_hour_55_v10m_obs
594,guance_before_hour_55_RAIN_obs
595,guance_before_hour_54_psur_obs
596,guance_before_hour_54_t2m_obs
597,guance_before_hour_54_q2m_obs
598,guance_before_hour_54_rh2m_obs
599,guance_before_hour_54_w10m_obs
600,guance_before_hour_54_d10m_obs
601,guance_before_hour_54_u10m_obs
602,guance_before_hour_54_v10m_obs
603,guance_before_hour_54_RAIN_obs
604,guance_before_hour_53_psur_obs
605,guance_before_hour_53_t2m_obs
606,guance_before_hour_53_q2m_obs
607,guance_before_hour_53_rh2m_obs
608,guance_before_hour_53_w10m_obs
609,guance_before_hour_53_d10m_obs
610,guance_before_hour_53_u10m_obs
611,guance_before_hour_53_v10m_obs
612,guance_before_hour_53_RAIN_obs
613,guance_before_hour_52_psur_obs
614,guance_before_hour_52_t2m_obs
615,guance_before_hour_52_q2m_obs
616,guance_before_hour_52_rh2m_obs
617,guance_before_hour_52_w10m_obs
618,guance_before_hour_52_d10m_obs
619,guance_before_hour_52_u10m_obs
620,guance_before_hour_52_v10m_obs
621,guance_before_hour_52_RAIN_obs
622,guance_before_hour_51_psur_obs
623,guance_before_hour_51_t2m_obs
624,guance_before_hour_51_q2m_obs
625,guance_before_hour_51_rh2m_obs
626,guance_before_hour_51_w10m_obs
627,guance_before_hour_51_d10m_obs
628,guance_before_hour_51_u10m_obs
629,guance_before_hour_51_v10m_obs
630,guance_before_hour_51_RAIN_obs
631,guance_before_hour_50_psur_obs
632,guance_before_hour_50_t2m_obs
633,guance_before_hour_50_q2m_obs
634,guance_before_hour_50_rh2m_obs
635,guance_before_hour_50_w10m_obs
636,guance_before_hour_50_d10m_obs
637,guance_before_hour_50_u10m_obs
638,guance_before_hour_50_v10m_obs
639,guance_before_hour_50_RAIN_obs
640,guance_before_hour_49_psur_obs
641,guance_before_hour_49_t2m_obs
642,guance_before_hour_49_q2m_obs
643,guance_before_hour_49_rh2m_obs
644,guance_before_hour_49_w10m_obs
645,guance_before_hour_49_d10m_obs
646,guance_before_hour_49_u10m_obs
647,guance_before_hour_49_v10m_obs
648,guance_before_hour_49_RAIN_obs
649,guance_before_hour_48_psur_obs
650,guance_before_hour_48_t2m_obs
651,guance_before_hour_48_q2m_obs
652,guance_before_hour_48_rh2m_obs
653,guance_before_hour_48_w10m_obs
654,guance_before_hour_48_d10m_obs
655,guance_before_hour_48_u10m_obs
656,guance_before_hour_48_v10m_obs
657,guance_before_hour_48_RAIN_obs
658,guance_before_hour_47_psur_obs
659,guance_before_hour_47_t2m_obs
660,guance_before_hour_47_q2m_obs
661,guance_before_hour_47_rh2m_obs
662,guance_before_hour_47_w10m_obs
663,guance_before_hour_47_d10m_obs
664,guance_before_hour_47_u10m_obs
665,guance_before_hour_47_v10m_obs
666,guance_before_hour_47_RAIN_obs
667,guance_before_hour_46_psur_obs
668,guance_before_hour_46_t2m_obs
669,guance_before_hour_46_q2m_obs
670,guance_before_hour_46_rh2m_obs
671,guance_before_hour_46_w10m_obs
672,guance_before_hour_46_d10m_obs
673,guance_before_hour_46_u10m_obs
674,guance_before_hour_46_v10m_obs
675,guance_before_hour_46_RAIN_obs
676,guance_before_hour_45_psur_obs
677,guance_before_hour_45_t2m_obs
678,guance_before_hour_45_q2m_obs
679,guance_before_hour_45_rh2m_obs
680,guance_before_hour_45_w10m_obs
681,guance_before_hour_45_d10m_obs
682,guance_before_hour_45_u10m_obs
683,guance_before_hour_45_v10m_obs
684,guance_before_hour_45_RAIN_obs
685,guance_before_hour_44_psur_obs
686,guance_before_hour_44_t2m_obs
687,guance_before_hour_44_q2m_obs
688,guance_before_hour_44_rh2m_obs
689,guance_before_hour_44_w10m_obs
690,guance_before_hour_44_d10m_obs
691,guance_before_hour_44_u10m_obs
692,guance_before_hour_44_v10m_obs
693,guance_before_hour_44_RAIN_obs
694,guance_before_hour_43_psur_obs
695,guance_before_hour_43_t2m_obs
696,guance_before_hour_43_q2m_obs
697,guance_before_hour_43_rh2m_obs
698,guance_before_hour_43_w10m_obs
699,guance_before_hour_43_d10m_obs
700,guance_before_hour_43_u10m_obs
701,guance_before_hour_43_v10m_obs
702,guance_before_hour_43_RAIN_obs
703,guance_before_hour_42_psur_obs
704,guance_before_hour_42_t2m_obs
705,guance_before_hour_42_q2m_obs
706,guance_before_hour_42_rh2m_obs
707,guance_before_hour_42_w10m_obs
708,guance_before_hour_42_d10m_obs
709,guance_before_hour_42_u10m_obs
710,guance_before_hour_42_v10m_obs
711,guance_before_hour_42_RAIN_obs
712,guance_before_hour_41_psur_obs
713,guance_before_hour_41_t2m_obs
714,guance_before_hour_41_q2m_obs
715,guance_before_hour_41_rh2m_obs
716,guance_before_hour_41_w10m_obs
717,guance_before_hour_41_d10m_obs
718,guance_before_hour_41_u10m_obs
719,guance_before_hour_41_v10m_obs
720,guance_before_hour_41_RAIN_obs
721,guance_before_hour_40_psur_obs
722,guance_before_hour_40_t2m_obs
723,guance_before_hour_40_q2m_obs
724,guance_before_hour_40_rh2m_obs
725,guance_before_hour_40_w10m_obs
726,guance_before_hour_40_d10m_obs
727,guance_before_hour_40_u10m_obs
728,guance_before_hour_40_v10m_obs
729,guance_before_hour_40_RAIN_obs
730,guance_before_hour_39_psur_obs
731,guance_before_hour_39_t2m_obs
732,guance_before_hour_39_q2m_obs
733,guance_before_hour_39_rh2m_obs
734,guance_before_hour_39_w10m_obs
735,guance_before_hour_39_d10m_obs
736,guance_before_hour_39_u10m_obs
737,guance_before_hour_39_v10m_obs
738,guance_before_hour_39_RAIN_obs
739,guance_before_hour_38_psur_obs
740,guance_before_hour_38_t2m_obs
741,guance_before_hour_38_q2m_obs
742,guance_before_hour_38_rh2m_obs
743,guance_before_hour_38_w10m_obs
744,guance_before_hour_38_d10m_obs
745,guance_before_hour_38_u10m_obs
746,guance_before_hour_38_v10m_obs
747,guance_before_hour_38_RAIN_obs
748,guance_before_hour_37_psur_obs
749,guance_before_hour_37_t2m_obs
750,guance_before_hour_37_q2m_obs
751,guance_before_hour_37_rh2m_obs
752,guance_before_hour_37_w10m_obs
753,guance_before_hour_37_d10m_obs
754,guance_before_hour_37_u10m_obs
755,guance_before_hour_37_v10m_obs
756,guance_before_hour_37_RAIN_obs
757,guance_before_hour_36_psur_obs
758,guance_before_hour_36_t2m_obs
759,guance_before_hour_36_q2m_obs
760,guance_before_hour_36_rh2m_obs
761,guance_before_hour_36_w10m_obs
762,guance_before_hour_36_d10m_obs
763,guance_before_hour_36_u10m_obs
764,guance_before_hour_36_v10m_obs
765,guance_before_hour_36_RAIN_obs
766,guance_before_hour_35_psur_obs
767,guance_before_hour_35_t2m_obs
768,guance_before_hour_35_q2m_obs
769,guance_before_hour_35_rh2m_obs
770,guance_before_hour_35_w10m_obs
771,guance_before_hour_35_d10m_obs
772,guance_before_hour_35_u10m_obs
773,guance_before_hour_35_v10m_obs
774,guance_before_hour_35_RAIN_obs
775,guance_before_hour_34_psur_obs
776,guance_before_hour_34_t2m_obs
777,guance_before_hour_34_q2m_obs
778,guance_before_hour_34_rh2m_obs
779,guance_before_hour_34_w10m_obs
780,guance_before_hour_34_d10m_obs
781,guance_before_hour_34_u10m_obs
782,guance_before_hour_34_v10m_obs
783,guance_before_hour_34_RAIN_obs
784,guance_before_hour_33_psur_obs
785,guance_before_hour_33_t2m_obs
786,guance_before_hour_33_q2m_obs
787,guance_before_hour_33_rh2m_obs
788,guance_before_hour_33_w10m_obs
789,guance_before_hour_33_d10m_obs
790,guance_before_hour_33_u10m_obs
791,guance_before_hour_33_v10m_obs
792,guance_before_hour_33_RAIN_obs
793,guance_before_hour_32_psur_obs
794,guance_before_hour_32_t2m_obs
795,guance_before_hour_32_q2m_obs
796,guance_before_hour_32_rh2m_obs
797,guance_before_hour_32_w10m_obs
798,guance_before_hour_32_d10m_obs
799,guance_before_hour_32_u10m_obs
800,guance_before_hour_32_v10m_obs
801,guance_before_hour_32_RAIN_obs
802,guance_before_hour_31_psur_obs
803,guance_before_hour_31_t2m_obs
804,guance_before_hour_31_q2m_obs
805,guance_before_hour_31_rh2m_obs
806,guance_before_hour_31_w10m_obs
807,guance_before_hour_31_d10m_obs
808,guance_before_hour_31_u10m_obs
809,guance_before_hour_31_v10m_obs
810,guance_before_hour_31_RAIN_obs
811,guance_before_hour_30_psur_obs
812,guance_before_hour_30_t2m_obs
813,guance_before_hour_30_q2m_obs
814,guance_before_hour_30_rh2m_obs
815,guance_before_hour_30_w10m_obs
816,guance_before_hour_30_d10m_obs
817,guance_before_hour_30_u10m_obs
818,guance_before_hour_30_v10m_obs
819,guance_before_hour_30_RAIN_obs
820,guance_before_hour_29_psur_obs
821,guance_before_hour_29_t2m_obs
822,guance_before_hour_29_q2m_obs
823,guance_before_hour_29_rh2m_obs
824,guance_before_hour_29_w10m_obs
825,guance_before_hour_29_d10m_obs
826,guance_before_hour_29_u10m_obs
827,guance_before_hour_29_v10m_obs
828,guance_before_hour_29_RAIN_obs
829,guance_before_hour_28_psur_obs
830,guance_before_hour_28_t2m_obs
831,guance_before_hour_28_q2m_obs
832,guance_before_hour_28_rh2m_obs
833,guance_before_hour_28_w10m_obs
834,guance_before_hour_28_d10m_obs
835,guance_before_hour_28_u10m_obs
836,guance_before_hour_28_v10m_obs
837,guance_before_hour_28_RAIN_obs
838,guance_before_hour_27_psur_obs
839,guance_before_hour_27_t2m_obs
840,guance_before_hour_27_q2m_obs
841,guance_before_hour_27_rh2m_obs
842,guance_before_hour_27_w10m_obs
843,guance_before_hour_27_d10m_obs
844,guance_before_hour_27_u10m_obs
845,guance_before_hour_27_v10m_obs
846,guance_before_hour_27_RAIN_obs
847,guance_before_hour_26_psur_obs
848,guance_before_hour_26_t2m_obs
849,guance_before_hour_26_q2m_obs
850,guance_before_hour_26_rh2m_obs
851,guance_before_hour_26_w10m_obs
852,guance_before_hour_26_d10m_obs
853,guance_before_hour_26_u10m_obs
854,guance_before_hour_26_v10m_obs
855,guance_before_hour_26_RAIN_obs
856,guance_before_hour_25_psur_obs
857,guance_before_hour_25_t2m_obs
858,guance_before_hour_25_q2m_obs
859,guance_before_hour_25_rh2m_obs
860,guance_before_hour_25_w10m_obs
861,guance_before_hour_25_d10m_obs
862,guance_before_hour_25_u10m_obs
863,guance_before_hour_25_v10m_obs
864,guance_before_hour_25_RAIN_obs
865,guance_before_hour_24_psur_obs
866,guance_before_hour_24_t2m_obs
867,guance_before_hour_24_q2m_obs
868,guance_before_hour_24_rh2m_obs
869,guance_before_hour_24_w10m_obs
870,guance_before_hour_24_d10m_obs
871,guance_before_hour_24_u10m_obs
872,guance_before_hour_24_v10m_obs
873,guance_before_hour_24_RAIN_obs
874,guance_before_hour_23_psur_obs
875,guance_before_hour_23_t2m_obs
876,guance_before_hour_23_q2m_obs
877,guance_before_hour_23_rh2m_obs
878,guance_before_hour_23_w10m_obs
879,guance_before_hour_23_d10m_obs
880,guance_before_hour_23_u10m_obs
881,guance_before_hour_23_v10m_obs
882,guance_before_hour_23_RAIN_obs
883,guance_before_hour_22_psur_obs
884,guance_before_hour_22_t2m_obs
885,guance_before_hour_22_q2m_obs
886,guance_before_hour_22_rh2m_obs
887,guance_before_hour_22_w10m_obs
888,guance_before_hour_22_d10m_obs
889,guance_before_hour_22_u10m_obs
890,guance_before_hour_22_v10m_obs
891,guance_before_hour_22_RAIN_obs
892,guance_before_hour_21_psur_obs
893,guance_before_hour_21_t2m_obs
894,guance_before_hour_21_q2m_obs
895,guance_before_hour_21_rh2m_obs
896,guance_before_hour_21_w10m_obs
897,guance_before_hour_21_d10m_obs
898,guance_before_hour_21_u10m_obs
899,guance_before_hour_21_v10m_obs
900,guance_before_hour_21_RAIN_obs
901,guance_before_hour_20_psur_obs
902,guance_before_hour_20_t2m_obs
903,guance_before_hour_20_q2m_obs
904,guance_before_hour_20_rh2m_obs
905,guance_before_hour_20_w10m_obs
906,guance_before_hour_20_d10m_obs
907,guance_before_hour_20_u10m_obs
908,guance_before_hour_20_v10m_obs
909,guance_before_hour_20_RAIN_obs
910,guance_before_hour_19_psur_obs
911,guance_before_hour_19_t2m_obs
912,guance_before_hour_19_q2m_obs
913,guance_before_hour_19_rh2m_obs
914,guance_before_hour_19_w10m_obs
915,guance_before_hour_19_d10m_obs
916,guance_before_hour_19_u10m_obs
917,guance_before_hour_19_v10m_obs
918,guance_before_hour_19_RAIN_obs
919,guance_before_hour_18_psur_obs
920,guance_before_hour_18_t2m_obs
921,guance_before_hour_18_q2m_obs
922,guance_before_hour_18_rh2m_obs
923,guance_before_hour_18_w10m_obs
924,guance_before_hour_18_d10m_obs
925,guance_before_hour_18_u10m_obs
926,guance_before_hour_18_v10m_obs
927,guance_before_hour_18_RAIN_obs
928,guance_before_hour_17_psur_obs
929,guance_before_hour_17_t2m_obs
930,guance_before_hour_17_q2m_obs
931,guance_before_hour_17_rh2m_obs
932,guance_before_hour_17_w10m_obs
933,guance_before_hour_17_d10m_obs
934,guance_before_hour_17_u10m_obs
935,guance_before_hour_17_v10m_obs
936,guance_before_hour_17_RAIN_obs
937,guance_before_hour_16_psur_obs
938,guance_before_hour_16_t2m_obs
939,guance_before_hour_16_q2m_obs
940,guance_before_hour_16_rh2m_obs
941,guance_before_hour_16_w10m_obs
942,guance_before_hour_16_d10m_obs
943,guance_before_hour_16_u10m_obs
944,guance_before_hour_16_v10m_obs
945,guance_before_hour_16_RAIN_obs
946,guance_before_hour_15_psur_obs
947,guance_before_hour_15_t2m_obs
948,guance_before_hour_15_q2m_obs
949,guance_before_hour_15_rh2m_obs
950,guance_before_hour_15_w10m_obs
951,guance_before_hour_15_d10m_obs
952,guance_before_hour_15_u10m_obs
953,guance_before_hour_15_v10m_obs
954,guance_before_hour_15_RAIN_obs
955,guance_before_hour_14_psur_obs
956,guance_before_hour_14_t2m_obs
957,guance_before_hour_14_q2m_obs
958,guance_before_hour_14_rh2m_obs
959,guance_before_hour_14_w10m_obs
960,guance_before_hour_14_d10m_obs
961,guance_before_hour_14_u10m_obs
962,guance_before_hour_14_v10m_obs
963,guance_before_hour_14_RAIN_obs
964,guance_before_hour_13_psur_obs
965,guance_before_hour_13_t2m_obs
966,guance_before_hour_13_q2m_obs
967,guance_before_hour_13_rh2m_obs
968,guance_before_hour_13_w10m_obs
969,guance_before_hour_13_d10m_obs
970,guance_before_hour_13_u10m_obs
971,guance_before_hour_13_v10m_obs
972,guance_before_hour_13_RAIN_obs
973,guance_before_hour_12_psur_obs
974,guance_before_hour_12_t2m_obs
975,guance_before_hour_12_q2m_obs
976,guance_before_hour_12_rh2m_obs
977,guance_before_hour_12_w10m_obs
978,guance_before_hour_12_d10m_obs
979,guance_before_hour_12_u10m_obs
980,guance_before_hour_12_v10m_obs
981,guance_before_hour_12_RAIN_obs
982,guance_before_hour_11_psur_obs
983,guance_before_hour_11_t2m_obs
984,guance_before_hour_11_q2m_obs
985,guance_before_hour_11_rh2m_obs
986,guance_before_hour_11_w10m_obs
987,guance_before_hour_11_d10m_obs
988,guance_before_hour_11_u10m_obs
989,guance_before_hour_11_v10m_obs
990,guance_before_hour_11_RAIN_obs
991,guance_before_hour_10_psur_obs
992,guance_before_hour_10_t2m_obs
993,guance_before_hour_10_q2m_obs
994,guance_before_hour_10_rh2m_obs
995,guance_before_hour_10_w10m_obs
996,guance_before_hour_10_d10m_obs
997,guance_before_hour_10_u10m_obs
998,guance_before_hour_10_v10m_obs
999,guance_before_hour_10_RAIN_obs
1000,guance_before_hour_9_psur_obs
1001,guance_before_hour_9_t2m_obs
1002,guance_before_hour_9_q2m_obs
1003,guance_before_hour_9_rh2m_obs
1004,guance_before_hour_9_w10m_obs
1005,guance_before_hour_9_d10m_obs
1006,guance_before_hour_9_u10m_obs
1007,guance_before_hour_9_v10m_obs
1008,guance_before_hour_9_RAIN_obs
1009,guance_before_hour_8_psur_obs
1010,guance_before_hour_8_t2m_obs
1011,guance_before_hour_8_q2m_obs
1012,guance_before_hour_8_rh2m_obs
1013,guance_before_hour_8_w10m_obs
1014,guance_before_hour_8_d10m_obs
1015,guance_before_hour_8_u10m_obs
1016,guance_before_hour_8_v10m_obs
1017,guance_before_hour_8_RAIN_obs
1018,guance_before_hour_7_psur_obs
1019,guance_before_hour_7_t2m_obs
1020,guance_before_hour_7_q2m_obs
1021,guance_before_hour_7_rh2m_obs
1022,guance_before_hour_7_w10m_obs
1023,guance_before_hour_7_d10m_obs
1024,guance_before_hour_7_u10m_obs
1025,guance_before_hour_7_v10m_obs
1026,guance_before_hour_7_RAIN_obs
1027,guance_before_hour_6_psur_obs
1028,guance_before_hour_6_t2m_obs
1029,guance_before_hour_6_q2m_obs
1030,guance_before_hour_6_rh2m_obs
1031,guance_before_hour_6_w10m_obs
1032,guance_before_hour_6_d10m_obs
1033,guance_before_hour_6_u10m_obs
1034,guance_before_hour_6_v10m_obs
1035,guance_before_hour_6_RAIN_obs
1036,guance_before_hour_5_psur_obs
1037,guance_before_hour_5_t2m_obs
1038,guance_before_hour_5_q2m_obs
1039,guance_before_hour_5_rh2m_obs
1040,guance_before_hour_5_w10m_obs
1041,guance_before_hour_5_d10m_obs
1042,guance_before_hour_5_u10m_obs
1043,guance_before_hour_5_v10m_obs
1044,guance_before_hour_5_RAIN_obs
1045,guance_before_hour_4_psur_obs
1046,guance_before_hour_4_t2m_obs
1047,guance_before_hour_4_q2m_obs
1048,guance_before_hour_4_rh2m_obs
1049,guance_before_hour_4_w10m_obs
1050,guance_before_hour_4_d10m_obs
1051,guance_before_hour_4_u10m_obs
1052,guance_before_hour_4_v10m_obs
1053,guance_before_hour_4_RAIN_obs
1054,guance_before_hour_3_psur_obs
1055,guance_before_hour_3_t2m_obs
1056,guance_before_hour_3_q2m_obs
1057,guance_before_hour_3_rh2m_obs
1058,guance_before_hour_3_w10m_obs
1059,guance_before_hour_3_d10m_obs
1060,guance_before_hour_3_u10m_obs
1061,guance_before_hour_3_v10m_obs
1062,guance_before_hour_3_RAIN_obs
1063,guance_before_hour_2_psur_obs
1064,guance_before_hour_2_t2m_obs
1065,guance_before_hour_2_q2m_obs
1066,guance_before_hour_2_rh2m_obs
1067,guance_before_hour_2_w10m_obs
1068,guance_before_hour_2_d10m_obs
1069,guance_before_hour_2_u10m_obs
1070,guance_before_hour_2_v10m_obs
1071,guance_before_hour_2_RAIN_obs
1072,guance_before_hour_1_psur_obs
1073,guance_before_hour_1_t2m_obs
1074,guance_before_hour_1_q2m_obs
1075,guance_before_hour_1_rh2m_obs
1076,guance_before_hour_1_w10m_obs
1077,guance_before_hour_1_d10m_obs
1078,guance_before_hour_1_u10m_obs
1079,guance_before_hour_1_v10m_obs
1080,guance_before_hour_1_RAIN_obs
1081,ruitu_future_hour_0_psfc_M
1082,ruitu_future_hour_0_t2m_M
1083,ruitu_future_hour_0_q2m_M
1084,ruitu_future_hour_0_rh2m_M
1085,ruitu_future_hour_0_w10m_M
1086,ruitu_future_hour_0_d10m_M
1087,ruitu_future_hour_0_u10m_M
1088,ruitu_future_hour_0_v10m_M
1089,ruitu_future_hour_0_SWD_M
1090,ruitu_future_hour_0_GLW_M
1091,ruitu_future_hour_0_HFX_M
1092,ruitu_future_hour_0_LH_M
1093,ruitu_future_hour_0_RAIN_M
1094,ruitu_future_hour_0_PBLH_M
1095,ruitu_future_hour_0_TC975_M
1096,ruitu_future_hour_0_TC925_M
1097,ruitu_future_hour_0_TC850_M
1098,ruitu_future_hour_0_TC700_M
1099,ruitu_future_hour_0_TC500_M
1100,ruitu_future_hour_0_wspd975_M
1101,ruitu_future_hour_0_wspd925_M
1102,ruitu_future_hour_0_wspd850_M
1103,ruitu_future_hour_0_wspd700_M
1104,ruitu_future_hour_0_wspd500_M
1105,ruitu_future_hour_0_Q975_M
1106,ruitu_future_hour_0_Q925_M
1107,ruitu_future_hour_0_Q850_M
1108,ruitu_future_hour_0_Q700_M
1109,ruitu_future_hour_0_Q500_M
1110,ruitu_future_hour_1_psfc_M
1111,ruitu_future_hour_1_t2m_M
1112,ruitu_future_hour_1_q2m_M
1113,ruitu_future_hour_1_rh2m_M
1114,ruitu_future_hour_1_w10m_M
1115,ruitu_future_hour_1_d10m_M
1116,ruitu_future_hour_1_u10m_M
1117,ruitu_future_hour_1_v10m_M
1118,ruitu_future_hour_1_SWD_M
1119,ruitu_future_hour_1_GLW_M
1120,ruitu_future_hour_1_HFX_M
1121,ruitu_future_hour_1_LH_M
1122,ruitu_future_hour_1_RAIN_M
1123,ruitu_future_hour_1_PBLH_M
1124,ruitu_future_hour_1_TC975_M
1125,ruitu_future_hour_1_TC925_M
1126,ruitu_future_hour_1_TC850_M
1127,ruitu_future_hour_1_TC700_M
1128,ruitu_future_hour_1_TC500_M
1129,ruitu_future_hour_1_wspd975_M
1130,ruitu_future_hour_1_wspd925_M
1131,ruitu_future_hour_1_wspd850_M
1132,ruitu_future_hour_1_wspd700_M
1133,ruitu_future_hour_1_wspd500_M
1134,ruitu_future_hour_1_Q975_M
1135,ruitu_future_hour_1_Q925_M
1136,ruitu_future_hour_1_Q850_M
1137,ruitu_future_hour_1_Q700_M
1138,ruitu_future_hour_1_Q500_M
1139,ruitu_future_hour_2_psfc_M
1140,ruitu_future_hour_2_t2m_M
1141,ruitu_future_hour_2_q2m_M
1142,ruitu_future_hour_2_rh2m_M
1143,ruitu_future_hour_2_w10m_M
1144,ruitu_future_hour_2_d10m_M
1145,ruitu_future_hour_2_u10m_M
1146,ruitu_future_hour_2_v10m_M
1147,ruitu_future_hour_2_SWD_M
1148,ruitu_future_hour_2_GLW_M
1149,ruitu_future_hour_2_HFX_M
1150,ruitu_future_hour_2_LH_M
1151,ruitu_future_hour_2_RAIN_M
1152,ruitu_future_hour_2_PBLH_M
1153,ruitu_future_hour_2_TC975_M
1154,ruitu_future_hour_2_TC925_M
1155,ruitu_future_hour_2_TC850_M
1156,ruitu_future_hour_2_TC700_M
1157,ruitu_future_hour_2_TC500_M
1158,ruitu_future_hour_2_wspd975_M
1159,ruitu_future_hour_2_wspd925_M
1160,ruitu_future_hour_2_wspd850_M
1161,ruitu_future_hour_2_wspd700_M
1162,ruitu_future_hour_2_wspd500_M
1163,ruitu_future_hour_2_Q975_M
1164,ruitu_future_hour_2_Q925_M
1165,ruitu_future_hour_2_Q850_M
1166,ruitu_future_hour_2_Q700_M
1167,ruitu_future_hour_2_Q500_M
1168,ruitu_future_hour_3_psfc_M
1169,ruitu_future_hour_3_t2m_M
1170,ruitu_future_hour_3_q2m_M
1171,ruitu_future_hour_3_rh2m_M
1172,ruitu_future_hour_3_w10m_M
1173,ruitu_future_hour_3_d10m_M
1174,ruitu_future_hour_3_u10m_M
1175,ruitu_future_hour_3_v10m_M
1176,ruitu_future_hour_3_SWD_M
1177,ruitu_future_hour_3_GLW_M
1178,ruitu_future_hour_3_HFX_M
1179,ruitu_future_hour_3_LH_M
1180,ruitu_future_hour_3_RAIN_M
1181,ruitu_future_hour_3_PBLH_M
1182,ruitu_future_hour_3_TC975_M
1183,ruitu_future_hour_3_TC925_M
1184,ruitu_future_hour_3_TC850_M
1185,ruitu_future_hour_3_TC700_M
1186,ruitu_future_hour_3_TC500_M
1187,ruitu_future_hour_3_wspd975_M
1188,ruitu_future_hour_3_wspd925_M
1189,ruitu_future_hour_3_wspd850_M
1190,ruitu_future_hour_3_wspd700_M
1191,ruitu_future_hour_3_wspd500_M
1192,ruitu_future_hour_3_Q975_M
1193,ruitu_future_hour_3_Q925_M
1194,ruitu_future_hour_3_Q850_M
1195,ruitu_future_hour_3_Q700_M
1196,ruitu_future_hour_3_Q500_M
1197,ruitu_future_hour_4_psfc_M
1198,ruitu_future_hour_4_t2m_M
1199,ruitu_future_hour_4_q2m_M
1200,ruitu_future_hour_4_rh2m_M
1201,ruitu_future_hour_4_w10m_M
1202,ruitu_future_hour_4_d10m_M
1203,ruitu_future_hour_4_u10m_M
1204,ruitu_future_hour_4_v10m_M
1205,ruitu_future_hour_4_SWD_M
1206,ruitu_future_hour_4_GLW_M
1207,ruitu_future_hour_4_HFX_M
1208,ruitu_future_hour_4_LH_M
1209,ruitu_future_hour_4_RAIN_M
1210,ruitu_future_hour_4_PBLH_M
1211,ruitu_future_hour_4_TC975_M
1212,ruitu_future_hour_4_TC925_M
1213,ruitu_future_hour_4_TC850_M
1214,ruitu_future_hour_4_TC700_M
1215,ruitu_future_hour_4_TC500_M
1216,ruitu_future_hour_4_wspd975_M
1217,ruitu_future_hour_4_wspd925_M
1218,ruitu_future_hour_4_wspd850_M
1219,ruitu_future_hour_4_wspd700_M
1220,ruitu_future_hour_4_wspd500_M
1221,ruitu_future_hour_4_Q975_M
1222,ruitu_future_hour_4_Q925_M
1223,ruitu_future_hour_4_Q850_M
1224,ruitu_future_hour_4_Q700_M
1225,ruitu_future_hour_4_Q500_M
1226,ruitu_future_hour_5_psfc_M
1227,ruitu_future_hour_5_t2m_M
1228,ruitu_future_hour_5_q2m_M
1229,ruitu_future_hour_5_rh2m_M
1230,ruitu_future_hour_5_w10m_M
1231,ruitu_future_hour_5_d10m_M
1232,ruitu_future_hour_5_u10m_M
1233,ruitu_future_hour_5_v10m_M
1234,ruitu_future_hour_5_SWD_M
1235,ruitu_future_hour_5_GLW_M
1236,ruitu_future_hour_5_HFX_M
1237,ruitu_future_hour_5_LH_M
1238,ruitu_future_hour_5_RAIN_M
1239,ruitu_future_hour_5_PBLH_M
1240,ruitu_future_hour_5_TC975_M
1241,ruitu_future_hour_5_TC925_M
1242,ruitu_future_hour_5_TC850_M
1243,ruitu_future_hour_5_TC700_M
1244,ruitu_future_hour_5_TC500_M
1245,ruitu_future_hour_5_wspd975_M
1246,ruitu_future_hour_5_wspd925_M
1247,ruitu_future_hour_5_wspd850_M
1248,ruitu_future_hour_5_wspd700_M
1249,ruitu_future_hour_5_wspd500_M
1250,ruitu_future_hour_5_Q975_M
1251,ruitu_future_hour_5_Q925_M
1252,ruitu_future_hour_5_Q850_M
1253,ruitu_future_hour_5_Q700_M
1254,ruitu_future_hour_5_Q500_M
1255,ruitu_future_hour_6_psfc_M
1256,ruitu_future_hour_6_t2m_M
1257,ruitu_future_hour_6_q2m_M
1258,ruitu_future_hour_6_rh2m_M
1259,ruitu_future_hour_6_w10m_M
1260,ruitu_future_hour_6_d10m_M
1261,ruitu_future_hour_6_u10m_M
1262,ruitu_future_hour_6_v10m_M
1263,ruitu_future_hour_6_SWD_M
1264,ruitu_future_hour_6_GLW_M
1265,ruitu_future_hour_6_HFX_M
1266,ruitu_future_hour_6_LH_M
1267,ruitu_future_hour_6_RAIN_M
1268,ruitu_future_hour_6_PBLH_M
1269,ruitu_future_hour_6_TC975_M
1270,ruitu_future_hour_6_TC925_M
1271,ruitu_future_hour_6_TC850_M
1272,ruitu_future_hour_6_TC700_M
1273,ruitu_future_hour_6_TC500_M
1274,ruitu_future_hour_6_wspd975_M
1275,ruitu_future_hour_6_wspd925_M
1276,ruitu_future_hour_6_wspd850_M
1277,ruitu_future_hour_6_wspd700_M
1278,ruitu_future_hour_6_wspd500_M
1279,ruitu_future_hour_6_Q975_M
1280,ruitu_future_hour_6_Q925_M
1281,ruitu_future_hour_6_Q850_M
1282,ruitu_future_hour_6_Q700_M
1283,ruitu_future_hour_6_Q500_M
1284,ruitu_future_hour_7_psfc_M
1285,ruitu_future_hour_7_t2m_M
1286,ruitu_future_hour_7_q2m_M
1287,ruitu_future_hour_7_rh2m_M
1288,ruitu_future_hour_7_w10m_M
1289,ruitu_future_hour_7_d10m_M
1290,ruitu_future_hour_7_u10m_M
1291,ruitu_future_hour_7_v10m_M
1292,ruitu_future_hour_7_SWD_M
1293,ruitu_future_hour_7_GLW_M
1294,ruitu_future_hour_7_HFX_M
1295,ruitu_future_hour_7_LH_M
1296,ruitu_future_hour_7_RAIN_M
1297,ruitu_future_hour_7_PBLH_M
1298,ruitu_future_hour_7_TC975_M
1299,ruitu_future_hour_7_TC925_M
1300,ruitu_future_hour_7_TC850_M
1301,ruitu_future_hour_7_TC700_M
1302,ruitu_future_hour_7_TC500_M
1303,ruitu_future_hour_7_wspd975_M
1304,ruitu_future_hour_7_wspd925_M
1305,ruitu_future_hour_7_wspd850_M
1306,ruitu_future_hour_7_wspd700_M
1307,ruitu_future_hour_7_wspd500_M
1308,ruitu_future_hour_7_Q975_M
1309,ruitu_future_hour_7_Q925_M
1310,ruitu_future_hour_7_Q850_M
1311,ruitu_future_hour_7_Q700_M
1312,ruitu_future_hour_7_Q500_M
1313,ruitu_future_hour_8_psfc_M
1314,ruitu_future_hour_8_t2m_M
1315,ruitu_future_hour_8_q2m_M
1316,ruitu_future_hour_8_rh2m_M
1317,ruitu_future_hour_8_w10m_M
1318,ruitu_future_hour_8_d10m_M
1319,ruitu_future_hour_8_u10m_M
1320,ruitu_future_hour_8_v10m_M
1321,ruitu_future_hour_8_SWD_M
1322,ruitu_future_hour_8_GLW_M
1323,ruitu_future_hour_8_HFX_M
1324,ruitu_future_hour_8_LH_M
1325,ruitu_future_hour_8_RAIN_M
1326,ruitu_future_hour_8_PBLH_M
1327,ruitu_future_hour_8_TC975_M
1328,ruitu_future_hour_8_TC925_M
1329,ruitu_future_hour_8_TC850_M
1330,ruitu_future_hour_8_TC700_M
1331,ruitu_future_hour_8_TC500_M
1332,ruitu_future_hour_8_wspd975_M
1333,ruitu_future_hour_8_wspd925_M
1334,ruitu_future_hour_8_wspd850_M
1335,ruitu_future_hour_8_wspd700_M
1336,ruitu_future_hour_8_wspd500_M
1337,ruitu_future_hour_8_Q975_M
1338,ruitu_future_hour_8_Q925_M
1339,ruitu_future_hour_8_Q850_M
1340,ruitu_future_hour_8_Q700_M
1341,ruitu_future_hour_8_Q500_M
1342,ruitu_future_hour_9_psfc_M
1343,ruitu_future_hour_9_t2m_M
1344,ruitu_future_hour_9_q2m_M
1345,ruitu_future_hour_9_rh2m_M
1346,ruitu_future_hour_9_w10m_M
1347,ruitu_future_hour_9_d10m_M
1348,ruitu_future_hour_9_u10m_M
1349,ruitu_future_hour_9_v10m_M
1350,ruitu_future_hour_9_SWD_M
1351,ruitu_future_hour_9_GLW_M
1352,ruitu_future_hour_9_HFX_M
1353,ruitu_future_hour_9_LH_M
1354,ruitu_future_hour_9_RAIN_M
1355,ruitu_future_hour_9_PBLH_M
1356,ruitu_future_hour_9_TC975_M
1357,ruitu_future_hour_9_TC925_M
1358,ruitu_future_hour_9_TC850_M
1359,ruitu_future_hour_9_TC700_M
1360,ruitu_future_hour_9_TC500_M
1361,ruitu_future_hour_9_wspd975_M
1362,ruitu_future_hour_9_wspd925_M
1363,ruitu_future_hour_9_wspd850_M
1364,ruitu_future_hour_9_wspd700_M
1365,ruitu_future_hour_9_wspd500_M
1366,ruitu_future_hour_9_Q975_M
1367,ruitu_future_hour_9_Q925_M
1368,ruitu_future_hour_9_Q850_M
1369,ruitu_future_hour_9_Q700_M
1370,ruitu_future_hour_9_Q500_M
1371,ruitu_future_hour_10_psfc_M
1372,ruitu_future_hour_10_t2m_M
1373,ruitu_future_hour_10_q2m_M
1374,ruitu_future_hour_10_rh2m_M
1375,ruitu_future_hour_10_w10m_M
1376,ruitu_future_hour_10_d10m_M
1377,ruitu_future_hour_10_u10m_M
1378,ruitu_future_hour_10_v10m_M
1379,ruitu_future_hour_10_SWD_M
1380,ruitu_future_hour_10_GLW_M
1381,ruitu_future_hour_10_HFX_M
1382,ruitu_future_hour_10_LH_M
1383,ruitu_future_hour_10_RAIN_M
1384,ruitu_future_hour_10_PBLH_M
1385,ruitu_future_hour_10_TC975_M
1386,ruitu_future_hour_10_TC925_M
1387,ruitu_future_hour_10_TC850_M
1388,ruitu_future_hour_10_TC700_M
1389,ruitu_future_hour_10_TC500_M
1390,ruitu_future_hour_10_wspd975_M
1391,ruitu_future_hour_10_wspd925_M
1392,ruitu_future_hour_10_wspd850_M
1393,ruitu_future_hour_10_wspd700_M
1394,ruitu_future_hour_10_wspd500_M
1395,ruitu_future_hour_10_Q975_M
1396,ruitu_future_hour_10_Q925_M
1397,ruitu_future_hour_10_Q850_M
1398,ruitu_future_hour_10_Q700_M
1399,ruitu_future_hour_10_Q500_M
1400,ruitu_future_hour_11_psfc_M
1401,ruitu_future_hour_11_t2m_M
1402,ruitu_future_hour_11_q2m_M
1403,ruitu_future_hour_11_rh2m_M
1404,ruitu_future_hour_11_w10m_M
1405,ruitu_future_hour_11_d10m_M
1406,ruitu_future_hour_11_u10m_M
1407,ruitu_future_hour_11_v10m_M
1408,ruitu_future_hour_11_SWD_M
1409,ruitu_future_hour_11_GLW_M
1410,ruitu_future_hour_11_HFX_M
1411,ruitu_future_hour_11_LH_M
1412,ruitu_future_hour_11_RAIN_M
1413,ruitu_future_hour_11_PBLH_M
1414,ruitu_future_hour_11_TC975_M
1415,ruitu_future_hour_11_TC925_M
1416,ruitu_future_hour_11_TC850_M
1417,ruitu_future_hour_11_TC700_M
1418,ruitu_future_hour_11_TC500_M
1419,ruitu_future_hour_11_wspd975_M
1420,ruitu_future_hour_11_wspd925_M
1421,ruitu_future_hour_11_wspd850_M
1422,ruitu_future_hour_11_wspd700_M
1423,ruitu_future_hour_11_wspd500_M
1424,ruitu_future_hour_11_Q975_M
1425,ruitu_future_hour_11_Q925_M
1426,ruitu_future_hour_11_Q850_M
1427,ruitu_future_hour_11_Q700_M
1428,ruitu_future_hour_11_Q500_M
1429,ruitu_future_hour_12_psfc_M
1430,ruitu_future_hour_12_t2m_M
1431,ruitu_future_hour_12_q2m_M
1432,ruitu_future_hour_12_rh2m_M
1433,ruitu_future_hour_12_w10m_M
1434,ruitu_future_hour_12_d10m_M
1435,ruitu_future_hour_12_u10m_M
1436,ruitu_future_hour_12_v10m_M
1437,ruitu_future_hour_12_SWD_M
1438,ruitu_future_hour_12_GLW_M
1439,ruitu_future_hour_12_HFX_M
1440,ruitu_future_hour_12_LH_M
1441,ruitu_future_hour_12_RAIN_M
1442,ruitu_future_hour_12_PBLH_M
1443,ruitu_future_hour_12_TC975_M
1444,ruitu_future_hour_12_TC925_M
1445,ruitu_future_hour_12_TC850_M
1446,ruitu_future_hour_12_TC700_M
1447,ruitu_future_hour_12_TC500_M
1448,ruitu_future_hour_12_wspd975_M
1449,ruitu_future_hour_12_wspd925_M
1450,ruitu_future_hour_12_wspd850_M
1451,ruitu_future_hour_12_wspd700_M
1452,ruitu_future_hour_12_wspd500_M
1453,ruitu_future_hour_12_Q975_M
1454,ruitu_future_hour_12_Q925_M
1455,ruitu_future_hour_12_Q850_M
1456,ruitu_future_hour_12_Q700_M
1457,ruitu_future_hour_12_Q500_M
1458,ruitu_future_hour_13_psfc_M
1459,ruitu_future_hour_13_t2m_M
1460,ruitu_future_hour_13_q2m_M
1461,ruitu_future_hour_13_rh2m_M
1462,ruitu_future_hour_13_w10m_M
1463,ruitu_future_hour_13_d10m_M
1464,ruitu_future_hour_13_u10m_M
1465,ruitu_future_hour_13_v10m_M
1466,ruitu_future_hour_13_SWD_M
1467,ruitu_future_hour_13_GLW_M
1468,ruitu_future_hour_13_HFX_M
1469,ruitu_future_hour_13_LH_M
1470,ruitu_future_hour_13_RAIN_M
1471,ruitu_future_hour_13_PBLH_M
1472,ruitu_future_hour_13_TC975_M
1473,ruitu_future_hour_13_TC925_M
1474,ruitu_future_hour_13_TC850_M
1475,ruitu_future_hour_13_TC700_M
1476,ruitu_future_hour_13_TC500_M
1477,ruitu_future_hour_13_wspd975_M
1478,ruitu_future_hour_13_wspd925_M
1479,ruitu_future_hour_13_wspd850_M
1480,ruitu_future_hour_13_wspd700_M
1481,ruitu_future_hour_13_wspd500_M
1482,ruitu_future_hour_13_Q975_M
1483,ruitu_future_hour_13_Q925_M
1484,ruitu_future_hour_13_Q850_M
1485,ruitu_future_hour_13_Q700_M
1486,ruitu_future_hour_13_Q500_M
1487,ruitu_future_hour_14_psfc_M
1488,ruitu_future_hour_14_t2m_M
1489,ruitu_future_hour_14_q2m_M
1490,ruitu_future_hour_14_rh2m_M
1491,ruitu_future_hour_14_w10m_M
1492,ruitu_future_hour_14_d10m_M
1493,ruitu_future_hour_14_u10m_M
1494,ruitu_future_hour_14_v10m_M
1495,ruitu_future_hour_14_SWD_M
1496,ruitu_future_hour_14_GLW_M
1497,ruitu_future_hour_14_HFX_M
1498,ruitu_future_hour_14_LH_M
1499,ruitu_future_hour_14_RAIN_M
1500,ruitu_future_hour_14_PBLH_M
1501,ruitu_future_hour_14_TC975_M
1502,ruitu_future_hour_14_TC925_M
1503,ruitu_future_hour_14_TC850_M
1504,ruitu_future_hour_14_TC700_M
1505,ruitu_future_hour_14_TC500_M
1506,ruitu_future_hour_14_wspd975_M
1507,ruitu_future_hour_14_wspd925_M
1508,ruitu_future_hour_14_wspd850_M
1509,ruitu_future_hour_14_wspd700_M
1510,ruitu_future_hour_14_wspd500_M
1511,ruitu_future_hour_14_Q975_M
1512,ruitu_future_hour_14_Q925_M
1513,ruitu_future_hour_14_Q850_M
1514,ruitu_future_hour_14_Q700_M
1515,ruitu_future_hour_14_Q500_M
1516,ruitu_future_hour_15_psfc_M
1517,ruitu_future_hour_15_t2m_M
1518,ruitu_future_hour_15_q2m_M
1519,ruitu_future_hour_15_rh2m_M
1520,ruitu_future_hour_15_w10m_M
1521,ruitu_future_hour_15_d10m_M
1522,ruitu_future_hour_15_u10m_M
1523,ruitu_future_hour_15_v10m_M
1524,ruitu_future_hour_15_SWD_M
1525,ruitu_future_hour_15_GLW_M
1526,ruitu_future_hour_15_HFX_M
1527,ruitu_future_hour_15_LH_M
1528,ruitu_future_hour_15_RAIN_M
1529,ruitu_future_hour_15_PBLH_M
1530,ruitu_future_hour_15_TC975_M
1531,ruitu_future_hour_15_TC925_M
1532,ruitu_future_hour_15_TC850_M
1533,ruitu_future_hour_15_TC700_M
1534,ruitu_future_hour_15_TC500_M
1535,ruitu_future_hour_15_wspd975_M
1536,ruitu_future_hour_15_wspd925_M
1537,ruitu_future_hour_15_wspd850_M
1538,ruitu_future_hour_15_wspd700_M
1539,ruitu_future_hour_15_wspd500_M
1540,ruitu_future_hour_15_Q975_M
1541,ruitu_future_hour_15_Q925_M
1542,ruitu_future_hour_15_Q850_M
1543,ruitu_future_hour_15_Q700_M
1544,ruitu_future_hour_15_Q500_M
1545,ruitu_future_hour_16_psfc_M
1546,ruitu_future_hour_16_t2m_M
1547,ruitu_future_hour_16_q2m_M
1548,ruitu_future_hour_16_rh2m_M
1549,ruitu_future_hour_16_w10m_M
1550,ruitu_future_hour_16_d10m_M
1551,ruitu_future_hour_16_u10m_M
1552,ruitu_future_hour_16_v10m_M
1553,ruitu_future_hour_16_SWD_M
1554,ruitu_future_hour_16_GLW_M
1555,ruitu_future_hour_16_HFX_M
1556,ruitu_future_hour_16_LH_M
1557,ruitu_future_hour_16_RAIN_M
1558,ruitu_future_hour_16_PBLH_M
1559,ruitu_future_hour_16_TC975_M
1560,ruitu_future_hour_16_TC925_M
1561,ruitu_future_hour_16_TC850_M
1562,ruitu_future_hour_16_TC700_M
1563,ruitu_future_hour_16_TC500_M
1564,ruitu_future_hour_16_wspd975_M
1565,ruitu_future_hour_16_wspd925_M
1566,ruitu_future_hour_16_wspd850_M
1567,ruitu_future_hour_16_wspd700_M
1568,ruitu_future_hour_16_wspd500_M
1569,ruitu_future_hour_16_Q975_M
1570,ruitu_future_hour_16_Q925_M
1571,ruitu_future_hour_16_Q850_M
1572,ruitu_future_hour_16_Q700_M
1573,ruitu_future_hour_16_Q500_M
1574,ruitu_future_hour_17_psfc_M
1575,ruitu_future_hour_17_t2m_M
1576,ruitu_future_hour_17_q2m_M
1577,ruitu_future_hour_17_rh2m_M
1578,ruitu_future_hour_17_w10m_M
1579,ruitu_future_hour_17_d10m_M
1580,ruitu_future_hour_17_u10m_M
1581,ruitu_future_hour_17_v10m_M
1582,ruitu_future_hour_17_SWD_M
1583,ruitu_future_hour_17_GLW_M
1584,ruitu_future_hour_17_HFX_M
1585,ruitu_future_hour_17_LH_M
1586,ruitu_future_hour_17_RAIN_M
1587,ruitu_future_hour_17_PBLH_M
1588,ruitu_future_hour_17_TC975_M
1589,ruitu_future_hour_17_TC925_M
1590,ruitu_future_hour_17_TC850_M
1591,ruitu_future_hour_17_TC700_M
1592,ruitu_future_hour_17_TC500_M
1593,ruitu_future_hour_17_wspd975_M
1594,ruitu_future_hour_17_wspd925_M
1595,ruitu_future_hour_17_wspd850_M
1596,ruitu_future_hour_17_wspd700_M
1597,ruitu_future_hour_17_wspd500_M
1598,ruitu_future_hour_17_Q975_M
1599,ruitu_future_hour_17_Q925_M
1600,ruitu_future_hour_17_Q850_M
1601,ruitu_future_hour_17_Q700_M
1602,ruitu_future_hour_17_Q500_M
1603,ruitu_future_hour_18_psfc_M
1604,ruitu_future_hour_18_t2m_M
1605,ruitu_future_hour_18_q2m_M
1606,ruitu_future_hour_18_rh2m_M
1607,ruitu_future_hour_18_w10m_M
1608,ruitu_future_hour_18_d10m_M
1609,ruitu_future_hour_18_u10m_M
1610,ruitu_future_hour_18_v10m_M
1611,ruitu_future_hour_18_SWD_M
1612,ruitu_future_hour_18_GLW_M
1613,ruitu_future_hour_18_HFX_M
1614,ruitu_future_hour_18_LH_M
1615,ruitu_future_hour_18_RAIN_M
1616,ruitu_future_hour_18_PBLH_M
1617,ruitu_future_hour_18_TC975_M
1618,ruitu_future_hour_18_TC925_M
1619,ruitu_future_hour_18_TC850_M
1620,ruitu_future_hour_18_TC700_M
1621,ruitu_future_hour_18_TC500_M
1622,ruitu_future_hour_18_wspd975_M
1623,ruitu_future_hour_18_wspd925_M
1624,ruitu_future_hour_18_wspd850_M
1625,ruitu_future_hour_18_wspd700_M
1626,ruitu_future_hour_18_wspd500_M
1627,ruitu_future_hour_18_Q975_M
1628,ruitu_future_hour_18_Q925_M
1629,ruitu_future_hour_18_Q850_M
1630,ruitu_future_hour_18_Q700_M
1631,ruitu_future_hour_18_Q500_M
1632,ruitu_future_hour_19_psfc_M
1633,ruitu_future_hour_19_t2m_M
1634,ruitu_future_hour_19_q2m_M
1635,ruitu_future_hour_19_rh2m_M
1636,ruitu_future_hour_19_w10m_M
1637,ruitu_future_hour_19_d10m_M
1638,ruitu_future_hour_19_u10m_M
1639,ruitu_future_hour_19_v10m_M
1640,ruitu_future_hour_19_SWD_M
1641,ruitu_future_hour_19_GLW_M
1642,ruitu_future_hour_19_HFX_M
1643,ruitu_future_hour_19_LH_M
1644,ruitu_future_hour_19_RAIN_M
1645,ruitu_future_hour_19_PBLH_M
1646,ruitu_future_hour_19_TC975_M
1647,ruitu_future_hour_19_TC925_M
1648,ruitu_future_hour_19_TC850_M
1649,ruitu_future_hour_19_TC700_M
1650,ruitu_future_hour_19_TC500_M
1651,ruitu_future_hour_19_wspd975_M
1652,ruitu_future_hour_19_wspd925_M
1653,ruitu_future_hour_19_wspd850_M
1654,ruitu_future_hour_19_wspd700_M
1655,ruitu_future_hour_19_wspd500_M
1656,ruitu_future_hour_19_Q975_M
1657,ruitu_future_hour_19_Q925_M
1658,ruitu_future_hour_19_Q850_M
1659,ruitu_future_hour_19_Q700_M
1660,ruitu_future_hour_19_Q500_M
1661,ruitu_future_hour_20_psfc_M
1662,ruitu_future_hour_20_t2m_M
1663,ruitu_future_hour_20_q2m_M
1664,ruitu_future_hour_20_rh2m_M
1665,ruitu_future_hour_20_w10m_M
1666,ruitu_future_hour_20_d10m_M
1667,ruitu_future_hour_20_u10m_M
1668,ruitu_future_hour_20_v10m_M
1669,ruitu_future_hour_20_SWD_M
1670,ruitu_future_hour_20_GLW_M
1671,ruitu_future_hour_20_HFX_M
1672,ruitu_future_hour_20_LH_M
1673,ruitu_future_hour_20_RAIN_M
1674,ruitu_future_hour_20_PBLH_M
1675,ruitu_future_hour_20_TC975_M
1676,ruitu_future_hour_20_TC925_M
1677,ruitu_future_hour_20_TC850_M
1678,ruitu_future_hour_20_TC700_M
1679,ruitu_future_hour_20_TC500_M
1680,ruitu_future_hour_20_wspd975_M
1681,ruitu_future_hour_20_wspd925_M
1682,ruitu_future_hour_20_wspd850_M
1683,ruitu_future_hour_20_wspd700_M
1684,ruitu_future_hour_20_wspd500_M
1685,ruitu_future_hour_20_Q975_M
1686,ruitu_future_hour_20_Q925_M
1687,ruitu_future_hour_20_Q850_M
1688,ruitu_future_hour_20_Q700_M
1689,ruitu_future_hour_20_Q500_M
1690,ruitu_future_hour_21_psfc_M
1691,ruitu_future_hour_21_t2m_M
1692,ruitu_future_hour_21_q2m_M
1693,ruitu_future_hour_21_rh2m_M
1694,ruitu_future_hour_21_w10m_M
1695,ruitu_future_hour_21_d10m_M
1696,ruitu_future_hour_21_u10m_M
1697,ruitu_future_hour_21_v10m_M
1698,ruitu_future_hour_21_SWD_M
1699,ruitu_future_hour_21_GLW_M
1700,ruitu_future_hour_21_HFX_M
1701,ruitu_future_hour_21_LH_M
1702,ruitu_future_hour_21_RAIN_M
1703,ruitu_future_hour_21_PBLH_M
1704,ruitu_future_hour_21_TC975_M
1705,ruitu_future_hour_21_TC925_M
1706,ruitu_future_hour_21_TC850_M
1707,ruitu_future_hour_21_TC700_M
1708,ruitu_future_hour_21_TC500_M
1709,ruitu_future_hour_21_wspd975_M
1710,ruitu_future_hour_21_wspd925_M
1711,ruitu_future_hour_21_wspd850_M
1712,ruitu_future_hour_21_wspd700_M
1713,ruitu_future_hour_21_wspd500_M
1714,ruitu_future_hour_21_Q975_M
1715,ruitu_future_hour_21_Q925_M
1716,ruitu_future_hour_21_Q850_M
1717,ruitu_future_hour_21_Q700_M
1718,ruitu_future_hour_21_Q500_M
1719,ruitu_future_hour_22_psfc_M
1720,ruitu_future_hour_22_t2m_M
1721,ruitu_future_hour_22_q2m_M
1722,ruitu_future_hour_22_rh2m_M
1723,ruitu_future_hour_22_w10m_M
1724,ruitu_future_hour_22_d10m_M
1725,ruitu_future_hour_22_u10m_M
1726,ruitu_future_hour_22_v10m_M
1727,ruitu_future_hour_22_SWD_M
1728,ruitu_future_hour_22_GLW_M
1729,ruitu_future_hour_22_HFX_M
1730,ruitu_future_hour_22_LH_M
1731,ruitu_future_hour_22_RAIN_M
1732,ruitu_future_hour_22_PBLH_M
1733,ruitu_future_hour_22_TC975_M
1734,ruitu_future_hour_22_TC925_M
1735,ruitu_future_hour_22_TC850_M
1736,ruitu_future_hour_22_TC700_M
1737,ruitu_future_hour_22_TC500_M
1738,ruitu_future_hour_22_wspd975_M
1739,ruitu_future_hour_22_wspd925_M
1740,ruitu_future_hour_22_wspd850_M
1741,ruitu_future_hour_22_wspd700_M
1742,ruitu_future_hour_22_wspd500_M
1743,ruitu_future_hour_22_Q975_M
1744,ruitu_future_hour_22_Q925_M
1745,ruitu_future_hour_22_Q850_M
1746,ruitu_future_hour_22_Q700_M
1747,ruitu_future_hour_22_Q500_M
1748,ruitu_future_hour_23_psfc_M
1749,ruitu_future_hour_23_t2m_M
1750,ruitu_future_hour_23_q2m_M
1751,ruitu_future_hour_23_rh2m_M
1752,ruitu_future_hour_23_w10m_M
1753,ruitu_future_hour_23_d10m_M
1754,ruitu_future_hour_23_u10m_M
1755,ruitu_future_hour_23_v10m_M
1756,ruitu_future_hour_23_SWD_M
1757,ruitu_future_hour_23_GLW_M
1758,ruitu_future_hour_23_HFX_M
1759,ruitu_future_hour_23_LH_M
1760,ruitu_future_hour_23_RAIN_M
1761,ruitu_future_hour_23_PBLH_M
1762,ruitu_future_hour_23_TC975_M
1763,ruitu_future_hour_23_TC925_M
1764,ruitu_future_hour_23_TC850_M
1765,ruitu_future_hour_23_TC700_M
1766,ruitu_future_hour_23_TC500_M
1767,ruitu_future_hour_23_wspd975_M
1768,ruitu_future_hour_23_wspd925_M
1769,ruitu_future_hour_23_wspd850_M
1770,ruitu_future_hour_23_wspd700_M
1771,ruitu_future_hour_23_wspd500_M
1772,ruitu_future_hour_23_Q975_M
1773,ruitu_future_hour_23_Q925_M
1774,ruitu_future_hour_23_Q850_M
1775,ruitu_future_hour_23_Q700_M
1776,ruitu_future_hour_23_Q500_M
1777,ruitu_future_hour_24_psfc_M
1778,ruitu_future_hour_24_t2m_M
1779,ruitu_future_hour_24_q2m_M
1780,ruitu_future_hour_24_rh2m_M
1781,ruitu_future_hour_24_w10m_M
1782,ruitu_future_hour_24_d10m_M
1783,ruitu_future_hour_24_u10m_M
1784,ruitu_future_hour_24_v10m_M
1785,ruitu_future_hour_24_SWD_M
1786,ruitu_future_hour_24_GLW_M
1787,ruitu_future_hour_24_HFX_M
1788,ruitu_future_hour_24_LH_M
1789,ruitu_future_hour_24_RAIN_M
1790,ruitu_future_hour_24_PBLH_M
1791,ruitu_future_hour_24_TC975_M
1792,ruitu_future_hour_24_TC925_M
1793,ruitu_future_hour_24_TC850_M
1794,ruitu_future_hour_24_TC700_M
1795,ruitu_future_hour_24_TC500_M
1796,ruitu_future_hour_24_wspd975_M
1797,ruitu_future_hour_24_wspd925_M
1798,ruitu_future_hour_24_wspd850_M
1799,ruitu_future_hour_24_wspd700_M
1800,ruitu_future_hour_24_wspd500_M
1801,ruitu_future_hour_24_Q975_M
1802,ruitu_future_hour_24_Q925_M
1803,ruitu_future_hour_24_Q850_M
1804,ruitu_future_hour_24_Q700_M
1805,ruitu_future_hour_24_Q500_M
1806,ruitu_future_hour_25_psfc_M
1807,ruitu_future_hour_25_t2m_M
1808,ruitu_future_hour_25_q2m_M
1809,ruitu_future_hour_25_rh2m_M
1810,ruitu_future_hour_25_w10m_M
1811,ruitu_future_hour_25_d10m_M
1812,ruitu_future_hour_25_u10m_M
1813,ruitu_future_hour_25_v10m_M
1814,ruitu_future_hour_25_SWD_M
1815,ruitu_future_hour_25_GLW_M
1816,ruitu_future_hour_25_HFX_M
1817,ruitu_future_hour_25_LH_M
1818,ruitu_future_hour_25_RAIN_M
1819,ruitu_future_hour_25_PBLH_M
1820,ruitu_future_hour_25_TC975_M
1821,ruitu_future_hour_25_TC925_M
1822,ruitu_future_hour_25_TC850_M
1823,ruitu_future_hour_25_TC700_M
1824,ruitu_future_hour_25_TC500_M
1825,ruitu_future_hour_25_wspd975_M
1826,ruitu_future_hour_25_wspd925_M
1827,ruitu_future_hour_25_wspd850_M
1828,ruitu_future_hour_25_wspd700_M
1829,ruitu_future_hour_25_wspd500_M
1830,ruitu_future_hour_25_Q975_M
1831,ruitu_future_hour_25_Q925_M
1832,ruitu_future_hour_25_Q850_M
1833,ruitu_future_hour_25_Q700_M
1834,ruitu_future_hour_25_Q500_M
1835,ruitu_future_hour_26_psfc_M
1836,ruitu_future_hour_26_t2m_M
1837,ruitu_future_hour_26_q2m_M
1838,ruitu_future_hour_26_rh2m_M
1839,ruitu_future_hour_26_w10m_M
1840,ruitu_future_hour_26_d10m_M
1841,ruitu_future_hour_26_u10m_M
1842,ruitu_future_hour_26_v10m_M
1843,ruitu_future_hour_26_SWD_M
1844,ruitu_future_hour_26_GLW_M
1845,ruitu_future_hour_26_HFX_M
1846,ruitu_future_hour_26_LH_M
1847,ruitu_future_hour_26_RAIN_M
1848,ruitu_future_hour_26_PBLH_M
1849,ruitu_future_hour_26_TC975_M
1850,ruitu_future_hour_26_TC925_M
1851,ruitu_future_hour_26_TC850_M
1852,ruitu_future_hour_26_TC700_M
1853,ruitu_future_hour_26_TC500_M
1854,ruitu_future_hour_26_wspd975_M
1855,ruitu_future_hour_26_wspd925_M
1856,ruitu_future_hour_26_wspd850_M
1857,ruitu_future_hour_26_wspd700_M
1858,ruitu_future_hour_26_wspd500_M
1859,ruitu_future_hour_26_Q975_M
1860,ruitu_future_hour_26_Q925_M
1861,ruitu_future_hour_26_Q850_M
1862,ruitu_future_hour_26_Q700_M
1863,ruitu_future_hour_26_Q500_M
1864,ruitu_future_hour_27_psfc_M
1865,ruitu_future_hour_27_t2m_M
1866,ruitu_future_hour_27_q2m_M
1867,ruitu_future_hour_27_rh2m_M
1868,ruitu_future_hour_27_w10m_M
1869,ruitu_future_hour_27_d10m_M
1870,ruitu_future_hour_27_u10m_M
1871,ruitu_future_hour_27_v10m_M
1872,ruitu_future_hour_27_SWD_M
1873,ruitu_future_hour_27_GLW_M
1874,ruitu_future_hour_27_HFX_M
1875,ruitu_future_hour_27_LH_M
1876,ruitu_future_hour_27_RAIN_M
1877,ruitu_future_hour_27_PBLH_M
1878,ruitu_future_hour_27_TC975_M
1879,ruitu_future_hour_27_TC925_M
1880,ruitu_future_hour_27_TC850_M
1881,ruitu_future_hour_27_TC700_M
1882,ruitu_future_hour_27_TC500_M
1883,ruitu_future_hour_27_wspd975_M
1884,ruitu_future_hour_27_wspd925_M
1885,ruitu_future_hour_27_wspd850_M
1886,ruitu_future_hour_27_wspd700_M
1887,ruitu_future_hour_27_wspd500_M
1888,ruitu_future_hour_27_Q975_M
1889,ruitu_future_hour_27_Q925_M
1890,ruitu_future_hour_27_Q850_M
1891,ruitu_future_hour_27_Q700_M
1892,ruitu_future_hour_27_Q500_M
1893,ruitu_future_hour_28_psfc_M
1894,ruitu_future_hour_28_t2m_M
1895,ruitu_future_hour_28_q2m_M
1896,ruitu_future_hour_28_rh2m_M
1897,ruitu_future_hour_28_w10m_M
1898,ruitu_future_hour_28_d10m_M
1899,ruitu_future_hour_28_u10m_M
1900,ruitu_future_hour_28_v10m_M
1901,ruitu_future_hour_28_SWD_M
1902,ruitu_future_hour_28_GLW_M
1903,ruitu_future_hour_28_HFX_M
1904,ruitu_future_hour_28_LH_M
1905,ruitu_future_hour_28_RAIN_M
1906,ruitu_future_hour_28_PBLH_M
1907,ruitu_future_hour_28_TC975_M
1908,ruitu_future_hour_28_TC925_M
1909,ruitu_future_hour_28_TC850_M
1910,ruitu_future_hour_28_TC700_M
1911,ruitu_future_hour_28_TC500_M
1912,ruitu_future_hour_28_wspd975_M
1913,ruitu_future_hour_28_wspd925_M
1914,ruitu_future_hour_28_wspd850_M
1915,ruitu_future_hour_28_wspd700_M
1916,ruitu_future_hour_28_wspd500_M
1917,ruitu_future_hour_28_Q975_M
1918,ruitu_future_hour_28_Q925_M
1919,ruitu_future_hour_28_Q850_M
1920,ruitu_future_hour_28_Q700_M
1921,ruitu_future_hour_28_Q500_M
1922,ruitu_future_hour_29_psfc_M
1923,ruitu_future_hour_29_t2m_M
1924,ruitu_future_hour_29_q2m_M
1925,ruitu_future_hour_29_rh2m_M
1926,ruitu_future_hour_29_w10m_M
1927,ruitu_future_hour_29_d10m_M
1928,ruitu_future_hour_29_u10m_M
1929,ruitu_future_hour_29_v10m_M
1930,ruitu_future_hour_29_SWD_M
1931,ruitu_future_hour_29_GLW_M
1932,ruitu_future_hour_29_HFX_M
1933,ruitu_future_hour_29_LH_M
1934,ruitu_future_hour_29_RAIN_M
1935,ruitu_future_hour_29_PBLH_M
1936,ruitu_future_hour_29_TC975_M
1937,ruitu_future_hour_29_TC925_M
1938,ruitu_future_hour_29_TC850_M
1939,ruitu_future_hour_29_TC700_M
1940,ruitu_future_hour_29_TC500_M
1941,ruitu_future_hour_29_wspd975_M
1942,ruitu_future_hour_29_wspd925_M
1943,ruitu_future_hour_29_wspd850_M
1944,ruitu_future_hour_29_wspd700_M
1945,ruitu_future_hour_29_wspd500_M
1946,ruitu_future_hour_29_Q975_M
1947,ruitu_future_hour_29_Q925_M
1948,ruitu_future_hour_29_Q850_M
1949,ruitu_future_hour_29_Q700_M
1950,ruitu_future_hour_29_Q500_M
1951,ruitu_future_hour_30_psfc_M
1952,ruitu_future_hour_30_t2m_M
1953,ruitu_future_hour_30_q2m_M
1954,ruitu_future_hour_30_rh2m_M
1955,ruitu_future_hour_30_w10m_M
1956,ruitu_future_hour_30_d10m_M
1957,ruitu_future_hour_30_u10m_M
1958,ruitu_future_hour_30_v10m_M
1959,ruitu_future_hour_30_SWD_M
1960,ruitu_future_hour_30_GLW_M
1961,ruitu_future_hour_30_HFX_M
1962,ruitu_future_hour_30_LH_M
1963,ruitu_future_hour_30_RAIN_M
1964,ruitu_future_hour_30_PBLH_M
1965,ruitu_future_hour_30_TC975_M
1966,ruitu_future_hour_30_TC925_M
1967,ruitu_future_hour_30_TC850_M
1968,ruitu_future_hour_30_TC700_M
1969,ruitu_future_hour_30_TC500_M
1970,ruitu_future_hour_30_wspd975_M
1971,ruitu_future_hour_30_wspd925_M
1972,ruitu_future_hour_30_wspd850_M
1973,ruitu_future_hour_30_wspd700_M
1974,ruitu_future_hour_30_wspd500_M
1975,ruitu_future_hour_30_Q975_M
1976,ruitu_future_hour_30_Q925_M
1977,ruitu_future_hour_30_Q850_M
1978,ruitu_future_hour_30_Q700_M
1979,ruitu_future_hour_30_Q500_M
1980,ruitu_future_hour_31_psfc_M
1981,ruitu_future_hour_31_t2m_M
1982,ruitu_future_hour_31_q2m_M
1983,ruitu_future_hour_31_rh2m_M
1984,ruitu_future_hour_31_w10m_M
1985,ruitu_future_hour_31_d10m_M
1986,ruitu_future_hour_31_u10m_M
1987,ruitu_future_hour_31_v10m_M
1988,ruitu_future_hour_31_SWD_M
1989,ruitu_future_hour_31_GLW_M
1990,ruitu_future_hour_31_HFX_M
1991,ruitu_future_hour_31_LH_M
1992,ruitu_future_hour_31_RAIN_M
1993,ruitu_future_hour_31_PBLH_M
1994,ruitu_future_hour_31_TC975_M
1995,ruitu_future_hour_31_TC925_M
1996,ruitu_future_hour_31_TC850_M
1997,ruitu_future_hour_31_TC700_M
1998,ruitu_future_hour_31_TC500_M
1999,ruitu_future_hour_31_wspd975_M
2000,ruitu_future_hour_31_wspd925_M
2001,ruitu_future_hour_31_wspd850_M
2002,ruitu_future_hour_31_wspd700_M
2003,ruitu_future_hour_31_wspd500_M
2004,ruitu_future_hour_31_Q975_M
2005,ruitu_future_hour_31_Q925_M
2006,ruitu_future_hour_31_Q850_M
2007,ruitu_future_hour_31_Q700_M
2008,ruitu_future_hour_31_Q500_M
2009,ruitu_future_hour_32_psfc_M
2010,ruitu_future_hour_32_t2m_M
2011,ruitu_future_hour_32_q2m_M
2012,ruitu_future_hour_32_rh2m_M
2013,ruitu_future_hour_32_w10m_M
2014,ruitu_future_hour_32_d10m_M
2015,ruitu_future_hour_32_u10m_M
2016,ruitu_future_hour_32_v10m_M
2017,ruitu_future_hour_32_SWD_M
2018,ruitu_future_hour_32_GLW_M
2019,ruitu_future_hour_32_HFX_M
2020,ruitu_future_hour_32_LH_M
2021,ruitu_future_hour_32_RAIN_M
2022,ruitu_future_hour_32_PBLH_M
2023,ruitu_future_hour_32_TC975_M
2024,ruitu_future_hour_32_TC925_M
2025,ruitu_future_hour_32_TC850_M
2026,ruitu_future_hour_32_TC700_M
2027,ruitu_future_hour_32_TC500_M
2028,ruitu_future_hour_32_wspd975_M
2029,ruitu_future_hour_32_wspd925_M
2030,ruitu_future_hour_32_wspd850_M
2031,ruitu_future_hour_32_wspd700_M
2032,ruitu_future_hour_32_wspd500_M
2033,ruitu_future_hour_32_Q975_M
2034,ruitu_future_hour_32_Q925_M
2035,ruitu_future_hour_32_Q850_M
2036,ruitu_future_hour_32_Q700_M
2037,ruitu_future_hour_32_Q500_M
2038,ruitu_future_hour_33_psfc_M
2039,ruitu_future_hour_33_t2m_M
2040,ruitu_future_hour_33_q2m_M
2041,ruitu_future_hour_33_rh2m_M
2042,ruitu_future_hour_33_w10m_M
2043,ruitu_future_hour_33_d10m_M
2044,ruitu_future_hour_33_u10m_M
2045,ruitu_future_hour_33_v10m_M
2046,ruitu_future_hour_33_SWD_M
2047,ruitu_future_hour_33_GLW_M
2048,ruitu_future_hour_33_HFX_M
2049,ruitu_future_hour_33_LH_M
2050,ruitu_future_hour_33_RAIN_M
2051,ruitu_future_hour_33_PBLH_M
2052,ruitu_future_hour_33_TC975_M
2053,ruitu_future_hour_33_TC925_M
2054,ruitu_future_hour_33_TC850_M
2055,ruitu_future_hour_33_TC700_M
2056,ruitu_future_hour_33_TC500_M
2057,ruitu_future_hour_33_wspd975_M
2058,ruitu_future_hour_33_wspd925_M
2059,ruitu_future_hour_33_wspd850_M
2060,ruitu_future_hour_33_wspd700_M
2061,ruitu_future_hour_33_wspd500_M
2062,ruitu_future_hour_33_Q975_M
2063,ruitu_future_hour_33_Q925_M
2064,ruitu_future_hour_33_Q850_M
2065,ruitu_future_hour_33_Q700_M
2066,ruitu_future_hour_33_Q500_M
2067,ruitu_future_hour_34_psfc_M
2068,ruitu_future_hour_34_t2m_M
2069,ruitu_future_hour_34_q2m_M
2070,ruitu_future_hour_34_rh2m_M
2071,ruitu_future_hour_34_w10m_M
2072,ruitu_future_hour_34_d10m_M
2073,ruitu_future_hour_34_u10m_M
2074,ruitu_future_hour_34_v10m_M
2075,ruitu_future_hour_34_SWD_M
2076,ruitu_future_hour_34_GLW_M
2077,ruitu_future_hour_34_HFX_M
2078,ruitu_future_hour_34_LH_M
2079,ruitu_future_hour_34_RAIN_M
2080,ruitu_future_hour_34_PBLH_M
2081,ruitu_future_hour_34_TC975_M
2082,ruitu_future_hour_34_TC925_M
2083,ruitu_future_hour_34_TC850_M
2084,ruitu_future_hour_34_TC700_M
2085,ruitu_future_hour_34_TC500_M
2086,ruitu_future_hour_34_wspd975_M
2087,ruitu_future_hour_34_wspd925_M
2088,ruitu_future_hour_34_wspd850_M
2089,ruitu_future_hour_34_wspd700_M
2090,ruitu_future_hour_34_wspd500_M
2091,ruitu_future_hour_34_Q975_M
2092,ruitu_future_hour_34_Q925_M
2093,ruitu_future_hour_34_Q850_M
2094,ruitu_future_hour_34_Q700_M
2095,ruitu_future_hour_34_Q500_M
2096,ruitu_future_hour_35_psfc_M
2097,ruitu_future_hour_35_t2m_M
2098,ruitu_future_hour_35_q2m_M
2099,ruitu_future_hour_35_rh2m_M
2100,ruitu_future_hour_35_w10m_M
2101,ruitu_future_hour_35_d10m_M
2102,ruitu_future_hour_35_u10m_M
2103,ruitu_future_hour_35_v10m_M
2104,ruitu_future_hour_35_SWD_M
2105,ruitu_future_hour_35_GLW_M
2106,ruitu_future_hour_35_HFX_M
2107,ruitu_future_hour_35_LH_M
2108,ruitu_future_hour_35_RAIN_M
2109,ruitu_future_hour_35_PBLH_M
2110,ruitu_future_hour_35_TC975_M
2111,ruitu_future_hour_35_TC925_M
2112,ruitu_future_hour_35_TC850_M
2113,ruitu_future_hour_35_TC700_M
2114,ruitu_future_hour_35_TC500_M
2115,ruitu_future_hour_35_wspd975_M
2116,ruitu_future_hour_35_wspd925_M
2117,ruitu_future_hour_35_wspd850_M
2118,ruitu_future_hour_35_wspd700_M
2119,ruitu_future_hour_35_wspd500_M
2120,ruitu_future_hour_35_Q975_M
2121,ruitu_future_hour_35_Q925_M
2122,ruitu_future_hour_35_Q850_M
2123,ruitu_future_hour_35_Q700_M
2124,ruitu_future_hour_35_Q500_M
2125,ruitu_future_hour_36_psfc_M
2126,ruitu_future_hour_36_t2m_M
2127,ruitu_future_hour_36_q2m_M
2128,ruitu_future_hour_36_rh2m_M
2129,ruitu_future_hour_36_w10m_M
2130,ruitu_future_hour_36_d10m_M
2131,ruitu_future_hour_36_u10m_M
2132,ruitu_future_hour_36_v10m_M
2133,ruitu_future_hour_36_SWD_M
2134,ruitu_future_hour_36_GLW_M
2135,ruitu_future_hour_36_HFX_M
2136,ruitu_future_hour_36_LH_M
2137,ruitu_future_hour_36_RAIN_M
2138,ruitu_future_hour_36_PBLH_M
2139,ruitu_future_hour_36_TC975_M
2140,ruitu_future_hour_36_TC925_M
2141,ruitu_future_hour_36_TC850_M
2142,ruitu_future_hour_36_TC700_M
2143,ruitu_future_hour_36_TC500_M
2144,ruitu_future_hour_36_wspd975_M
2145,ruitu_future_hour_36_wspd925_M
2146,ruitu_future_hour_36_wspd850_M
2147,ruitu_future_hour_36_wspd700_M
2148,ruitu_future_hour_36_wspd500_M
2149,ruitu_future_hour_36_Q975_M
2150,ruitu_future_hour_36_Q925_M
2151,ruitu_future_hour_36_Q850_M
2152,ruitu_future_hour_36_Q700_M
2153,ruitu_future_hour_36_Q500_M
2154,guance_future_hour_0_psur_obs
2155,guance_future_hour_0_t2m_obs
2156,guance_future_hour_0_q2m_obs
2157,guance_future_hour_0_rh2m_obs
2158,guance_future_hour_0_w10m_obs
2159,guance_future_hour_0_d10m_obs
2160,guance_future_hour_0_u10m_obs
2161,guance_future_hour_0_v10m_obs
2162,guance_future_hour_0_RAIN_obs
2163,guance_future_hour_1_psur_obs
2164,guance_future_hour_1_t2m_obs
2165,guance_future_hour_1_q2m_obs
2166,guance_future_hour_1_rh2m_obs
2167,guance_future_hour_1_w10m_obs
2168,guance_future_hour_1_d10m_obs
2169,guance_future_hour_1_u10m_obs
2170,guance_future_hour_1_v10m_obs
2171,guance_future_hour_1_RAIN_obs
2172,guance_future_hour_2_psur_obs
2173,guance_future_hour_2_t2m_obs
2174,guance_future_hour_2_q2m_obs
2175,guance_future_hour_2_rh2m_obs
2176,guance_future_hour_2_w10m_obs
2177,guance_future_hour_2_d10m_obs
2178,guance_future_hour_2_u10m_obs
2179,guance_future_hour_2_v10m_obs
2180,guance_future_hour_2_RAIN_obs
2181,guance_future_hour_3_psur_obs
2182,guance_future_hour_3_t2m_obs
2183,guance_future_hour_3_q2m_obs
2184,guance_future_hour_3_rh2m_obs
2185,guance_future_hour_3_w10m_obs
2186,guance_future_hour_3_d10m_obs
2187,guance_future_hour_3_u10m_obs
2188,guance_future_hour_3_v10m_obs
2189,guance_future_hour_3_RAIN_obs
2190,mean_t2m_12
2191,mean_t2m_24
2192,mean_t2m_36
2193,min_t2m_12
2194,min_t2m_24
2195,min_t2m_36
2196,max_t2m_12
2197,max_t2m_24
2198,max_t2m_36
2199,mean_rh2m_12
2200,mean_rh2m_24
2201,mean_rh2m_36
2202,min_rh2m_12
2203,min_rh2m_24
2204,min_rh2m_36
2205,max_rh2m_12
2206,max_rh2m_24
2207,max_rh2m_36
2208,mean_w10m_12
2209,mean_w10m_24
2210,mean_w10m_36
2211,min_w10m_12
2212,min_w10m_24
2213,min_w10m_36
2214,max_w10m_12
2215,max_w10m_24
2216,max_w10m_36
2217,t2m_13
2218,t2m_35
2219,rh2m_13
2220,rh2m_35
2221,w10m_13
2222,w10m_35
2223,mean_t2m_72
2224,mean_t2m_108
2225,min_t2m_72
2226,min_t2m_108
2227,max_t2m_72
2228,max_t2m_108
2229,mean_rh2m_72
2230,mean_rh2m_108
2231,min_rh2m_72
2232,min_rh2m_108
2233,max_rh2m_72
2234,max_rh2m_108
2235,mean_w10m_72
2236,mean_w10m_108
2237,min_w10m_72
2238,min_w10m_108
2239,max_w10m_72
2240,max_w10m_108
2241,t2m_57
2242,t2m_79
2243,t2m_57
2244,rh2m_79
2245,w10m_57
2246,w10m_79
2247,the_hour
2248,res_value
